Key: (-1000.00, -1000.00, 0.00)
   Value: (-900.00, -1000.00, 0.00)
   Value: (-1000.00, -900.00, 0.00)
   Value: (-900.00, -900.00, 0.00)

Key: (-1000.00, -900.00, 0.00)
   Value: (-900.00, -900.00, 0.00)
   Value: (-1000.00, -800.00, 0.00)
   Value: (-1000.00, -1000.00, 0.00)
   Value: (-900.00, -1000.00, 0.00)
   Value: (-900.00, -800.00, 0.00)

Key: (-1000.00, -800.00, 0.00)
   Value: (-900.00, -800.00, 0.00)
   Value: (-1000.00, -700.00, 0.00)
   Value: (-1000.00, -900.00, 0.00)
   Value: (-900.00, -900.00, 0.00)
   Value: (-900.00, -700.00, 0.00)

Key: (-1000.00, -700.00, 0.00)
   Value: (-900.00, -700.00, 0.00)
   Value: (-1000.00, -600.00, 0.00)
   Value: (-1000.00, -800.00, 0.00)
   Value: (-900.00, -800.00, 0.00)
   Value: (-900.00, -600.00, 0.00)

Key: (-1000.00, -600.00, 0.00)
   Value: (-900.00, -600.00, 0.00)
   Value: (-1000.00, -500.00, 0.00)
   Value: (-1000.00, -700.00, 0.00)
   Value: (-900.00, -700.00, 0.00)
   Value: (-900.00, -500.00, 0.00)

Key: (-1000.00, -500.00, 0.00)
   Value: (-900.00, -500.00, 0.00)
   Value: (-1000.00, -400.00, 0.00)
   Value: (-1000.00, -600.00, 0.00)
   Value: (-900.00, -600.00, 0.00)
   Value: (-900.00, -400.00, 0.00)

Key: (-1000.00, -400.00, 0.00)
   Value: (-900.00, -400.00, 0.00)
   Value: (-1000.00, -300.00, 0.00)
   Value: (-1000.00, -500.00, 0.00)
   Value: (-900.00, -500.00, 0.00)
   Value: (-900.00, -300.00, 0.00)

Key: (-1000.00, -300.00, 0.00)
   Value: (-900.00, -300.00, 0.00)
   Value: (-1000.00, -200.00, 0.00)
   Value: (-1000.00, -400.00, 0.00)
   Value: (-900.00, -400.00, 0.00)
   Value: (-900.00, -200.00, 0.00)

Key: (-1000.00, -200.00, 0.00)
   Value: (-900.00, -200.00, 0.00)
   Value: (-1000.00, -100.00, 0.00)
   Value: (-1000.00, -300.00, 0.00)
   Value: (-900.00, -300.00, 0.00)
   Value: (-900.00, -100.00, 0.00)

Key: (-1000.00, -100.00, 0.00)
   Value: (-900.00, -100.00, 0.00)
   Value: (-1000.00, 0.00, 0.00)
   Value: (-1000.00, -200.00, 0.00)
   Value: (-900.00, -200.00, 0.00)
   Value: (-900.00, 0.00, 0.00)

Key: (-1000.00, 0.00, 0.00)
   Value: (-900.00, 0.00, 0.00)
   Value: (-1000.00, 100.00, 0.00)
   Value: (-1000.00, -100.00, 0.00)
   Value: (-900.00, -100.00, 0.00)
   Value: (-900.00, 100.00, 0.00)

Key: (-1000.00, 100.00, 0.00)
   Value: (-900.00, 100.00, 0.00)
   Value: (-1000.00, 200.00, 0.00)
   Value: (-1000.00, 0.00, 0.00)
   Value: (-900.00, 0.00, 0.00)
   Value: (-900.00, 200.00, 0.00)

Key: (-1000.00, 200.00, 0.00)
   Value: (-900.00, 200.00, 0.00)
   Value: (-1000.00, 300.00, 0.00)
   Value: (-1000.00, 100.00, 0.00)
   Value: (-900.00, 100.00, 0.00)
   Value: (-900.00, 300.00, 0.00)

Key: (-1000.00, 300.00, 0.00)
   Value: (-900.00, 300.00, 0.00)
   Value: (-1000.00, 400.00, 0.00)
   Value: (-1000.00, 200.00, 0.00)
   Value: (-900.00, 200.00, 0.00)
   Value: (-900.00, 400.00, 0.00)

Key: (-1000.00, 400.00, 0.00)
   Value: (-900.00, 400.00, 0.00)
   Value: (-1000.00, 500.00, 0.00)
   Value: (-1000.00, 300.00, 0.00)
   Value: (-900.00, 300.00, 0.00)
   Value: (-900.00, 500.00, 0.00)

Key: (-1000.00, 500.00, 0.00)
   Value: (-900.00, 500.00, 0.00)
   Value: (-1000.00, 600.00, 0.00)
   Value: (-1000.00, 400.00, 0.00)
   Value: (-900.00, 400.00, 0.00)
   Value: (-900.00, 600.00, 0.00)

Key: (-1000.00, 600.00, 0.00)
   Value: (-900.00, 600.00, 0.00)
   Value: (-1000.00, 700.00, 0.00)
   Value: (-1000.00, 500.00, 0.00)
   Value: (-900.00, 500.00, 0.00)
   Value: (-900.00, 700.00, 0.00)

Key: (-1000.00, 700.00, 0.00)
   Value: (-900.00, 700.00, 0.00)
   Value: (-1000.00, 800.00, 0.00)
   Value: (-1000.00, 600.00, 0.00)
   Value: (-900.00, 600.00, 0.00)
   Value: (-900.00, 800.00, 0.00)

Key: (-1000.00, 800.00, 0.00)
   Value: (-900.00, 800.00, 0.00)
   Value: (-1000.00, 900.00, 0.00)
   Value: (-1000.00, 700.00, 0.00)
   Value: (-900.00, 700.00, 0.00)
   Value: (-900.00, 900.00, 0.00)

Key: (-1000.00, 900.00, 0.00)
   Value: (-900.00, 900.00, 0.00)
   Value: (-1000.00, 1000.00, 0.00)
   Value: (-1000.00, 800.00, 0.00)
   Value: (-900.00, 800.00, 0.00)
   Value: (-900.00, 1000.00, 0.00)

Key: (-1000.00, 1000.00, 0.00)
   Value: (-900.00, 1000.00, 0.00)
   Value: (-1000.00, 900.00, 0.00)
   Value: (-900.00, 900.00, 0.00)

Key: (-900.00, -1000.00, 0.00)
   Value: (-800.00, -1000.00, 0.00)
   Value: (-1000.00, -1000.00, 0.00)
   Value: (-900.00, -900.00, 0.00)
   Value: (-1000.00, -900.00, 0.00)
   Value: (-800.00, -900.00, 0.00)

Key: (-900.00, -900.00, 0.00)
   Value: (-800.00, -900.00, 0.00)
   Value: (-1000.00, -900.00, 0.00)
   Value: (-900.00, -800.00, 0.00)
   Value: (-900.00, -1000.00, 0.00)
   Value: (-1000.00, -1000.00, 0.00)
   Value: (-1000.00, -800.00, 0.00)
   Value: (-800.00, -1000.00, 0.00)
   Value: (-800.00, -800.00, 0.00)

Key: (-900.00, -800.00, 0.00)
   Value: (-800.00, -800.00, 0.00)
   Value: (-1000.00, -800.00, 0.00)
   Value: (-900.00, -700.00, 0.00)
   Value: (-900.00, -900.00, 0.00)
   Value: (-1000.00, -900.00, 0.00)
   Value: (-1000.00, -700.00, 0.00)
   Value: (-800.00, -900.00, 0.00)
   Value: (-800.00, -700.00, 0.00)

Key: (-900.00, -700.00, 0.00)
   Value: (-800.00, -700.00, 0.00)
   Value: (-1000.00, -700.00, 0.00)
   Value: (-900.00, -600.00, 0.00)
   Value: (-900.00, -800.00, 0.00)
   Value: (-1000.00, -800.00, 0.00)
   Value: (-1000.00, -600.00, 0.00)
   Value: (-800.00, -800.00, 0.00)
   Value: (-800.00, -600.00, 0.00)

Key: (-900.00, -600.00, 0.00)
   Value: (-800.00, -600.00, 0.00)
   Value: (-1000.00, -600.00, 0.00)
   Value: (-900.00, -500.00, 0.00)
   Value: (-900.00, -700.00, 0.00)
   Value: (-1000.00, -700.00, 0.00)
   Value: (-1000.00, -500.00, 0.00)
   Value: (-800.00, -700.00, 0.00)
   Value: (-800.00, -500.00, 0.00)

Key: (-900.00, -500.00, 0.00)
   Value: (-800.00, -500.00, 0.00)
   Value: (-1000.00, -500.00, 0.00)
   Value: (-900.00, -400.00, 0.00)
   Value: (-900.00, -600.00, 0.00)
   Value: (-1000.00, -600.00, 0.00)
   Value: (-1000.00, -400.00, 0.00)
   Value: (-800.00, -600.00, 0.00)
   Value: (-800.00, -400.00, 0.00)

Key: (-900.00, -400.00, 0.00)
   Value: (-800.00, -400.00, 0.00)
   Value: (-1000.00, -400.00, 0.00)
   Value: (-900.00, -300.00, 0.00)
   Value: (-900.00, -500.00, 0.00)
   Value: (-1000.00, -500.00, 0.00)
   Value: (-1000.00, -300.00, 0.00)
   Value: (-800.00, -500.00, 0.00)
   Value: (-800.00, -300.00, 0.00)

Key: (-900.00, -300.00, 0.00)
   Value: (-800.00, -300.00, 0.00)
   Value: (-1000.00, -300.00, 0.00)
   Value: (-900.00, -200.00, 0.00)
   Value: (-900.00, -400.00, 0.00)
   Value: (-1000.00, -400.00, 0.00)
   Value: (-1000.00, -200.00, 0.00)
   Value: (-800.00, -400.00, 0.00)
   Value: (-800.00, -200.00, 0.00)

Key: (-900.00, -200.00, 0.00)
   Value: (-800.00, -200.00, 0.00)
   Value: (-1000.00, -200.00, 0.00)
   Value: (-900.00, -100.00, 0.00)
   Value: (-900.00, -300.00, 0.00)
   Value: (-1000.00, -300.00, 0.00)
   Value: (-1000.00, -100.00, 0.00)
   Value: (-800.00, -300.00, 0.00)
   Value: (-800.00, -100.00, 0.00)

Key: (-900.00, -100.00, 0.00)
   Value: (-800.00, -100.00, 0.00)
   Value: (-1000.00, -100.00, 0.00)
   Value: (-900.00, 0.00, 0.00)
   Value: (-900.00, -200.00, 0.00)
   Value: (-1000.00, -200.00, 0.00)
   Value: (-1000.00, 0.00, 0.00)
   Value: (-800.00, -200.00, 0.00)
   Value: (-800.00, 0.00, 0.00)

Key: (-900.00, 0.00, 0.00)
   Value: (-800.00, 0.00, 0.00)
   Value: (-1000.00, 0.00, 0.00)
   Value: (-900.00, 100.00, 0.00)
   Value: (-900.00, -100.00, 0.00)
   Value: (-1000.00, -100.00, 0.00)
   Value: (-1000.00, 100.00, 0.00)
   Value: (-800.00, -100.00, 0.00)
   Value: (-800.00, 100.00, 0.00)

Key: (-900.00, 100.00, 0.00)
   Value: (-800.00, 100.00, 0.00)
   Value: (-1000.00, 100.00, 0.00)
   Value: (-900.00, 200.00, 0.00)
   Value: (-900.00, 0.00, 0.00)
   Value: (-1000.00, 0.00, 0.00)
   Value: (-1000.00, 200.00, 0.00)
   Value: (-800.00, 0.00, 0.00)
   Value: (-800.00, 200.00, 0.00)

Key: (-900.00, 200.00, 0.00)
   Value: (-800.00, 200.00, 0.00)
   Value: (-1000.00, 200.00, 0.00)
   Value: (-900.00, 300.00, 0.00)
   Value: (-900.00, 100.00, 0.00)
   Value: (-1000.00, 100.00, 0.00)
   Value: (-1000.00, 300.00, 0.00)
   Value: (-800.00, 100.00, 0.00)
   Value: (-800.00, 300.00, 0.00)

Key: (-900.00, 300.00, 0.00)
   Value: (-800.00, 300.00, 0.00)
   Value: (-1000.00, 300.00, 0.00)
   Value: (-900.00, 400.00, 0.00)
   Value: (-900.00, 200.00, 0.00)
   Value: (-1000.00, 200.00, 0.00)
   Value: (-1000.00, 400.00, 0.00)
   Value: (-800.00, 200.00, 0.00)
   Value: (-800.00, 400.00, 0.00)

Key: (-900.00, 400.00, 0.00)
   Value: (-800.00, 400.00, 0.00)
   Value: (-1000.00, 400.00, 0.00)
   Value: (-900.00, 500.00, 0.00)
   Value: (-900.00, 300.00, 0.00)
   Value: (-1000.00, 300.00, 0.00)
   Value: (-1000.00, 500.00, 0.00)
   Value: (-800.00, 300.00, 0.00)
   Value: (-800.00, 500.00, 0.00)

Key: (-900.00, 500.00, 0.00)
   Value: (-800.00, 500.00, 0.00)
   Value: (-1000.00, 500.00, 0.00)
   Value: (-900.00, 600.00, 0.00)
   Value: (-900.00, 400.00, 0.00)
   Value: (-1000.00, 400.00, 0.00)
   Value: (-1000.00, 600.00, 0.00)
   Value: (-800.00, 400.00, 0.00)
   Value: (-800.00, 600.00, 0.00)

Key: (-900.00, 600.00, 0.00)
   Value: (-800.00, 600.00, 0.00)
   Value: (-1000.00, 600.00, 0.00)
   Value: (-900.00, 700.00, 0.00)
   Value: (-900.00, 500.00, 0.00)
   Value: (-1000.00, 500.00, 0.00)
   Value: (-1000.00, 700.00, 0.00)
   Value: (-800.00, 500.00, 0.00)
   Value: (-800.00, 700.00, 0.00)

Key: (-900.00, 700.00, 0.00)
   Value: (-800.00, 700.00, 0.00)
   Value: (-1000.00, 700.00, 0.00)
   Value: (-900.00, 800.00, 0.00)
   Value: (-900.00, 600.00, 0.00)
   Value: (-1000.00, 600.00, 0.00)
   Value: (-1000.00, 800.00, 0.00)
   Value: (-800.00, 600.00, 0.00)
   Value: (-800.00, 800.00, 0.00)

Key: (-900.00, 800.00, 0.00)
   Value: (-800.00, 800.00, 0.00)
   Value: (-1000.00, 800.00, 0.00)
   Value: (-900.00, 900.00, 0.00)
   Value: (-900.00, 700.00, 0.00)
   Value: (-1000.00, 700.00, 0.00)
   Value: (-1000.00, 900.00, 0.00)
   Value: (-800.00, 700.00, 0.00)
   Value: (-800.00, 900.00, 0.00)

Key: (-900.00, 900.00, 0.00)
   Value: (-800.00, 900.00, 0.00)
   Value: (-1000.00, 900.00, 0.00)
   Value: (-900.00, 1000.00, 0.00)
   Value: (-900.00, 800.00, 0.00)
   Value: (-1000.00, 800.00, 0.00)
   Value: (-1000.00, 1000.00, 0.00)
   Value: (-800.00, 800.00, 0.00)
   Value: (-800.00, 1000.00, 0.00)

Key: (-900.00, 1000.00, 0.00)
   Value: (-800.00, 1000.00, 0.00)
   Value: (-1000.00, 1000.00, 0.00)
   Value: (-900.00, 900.00, 0.00)
   Value: (-1000.00, 900.00, 0.00)
   Value: (-800.00, 900.00, 0.00)

Key: (-800.00, -1000.00, 0.00)
   Value: (-700.00, -1000.00, 0.00)
   Value: (-900.00, -1000.00, 0.00)
   Value: (-800.00, -900.00, 0.00)
   Value: (-900.00, -900.00, 0.00)
   Value: (-700.00, -900.00, 0.00)

Key: (-800.00, -900.00, 0.00)
   Value: (-700.00, -900.00, 0.00)
   Value: (-900.00, -900.00, 0.00)
   Value: (-800.00, -800.00, 0.00)
   Value: (-800.00, -1000.00, 0.00)
   Value: (-900.00, -1000.00, 0.00)
   Value: (-900.00, -800.00, 0.00)
   Value: (-700.00, -1000.00, 0.00)
   Value: (-700.00, -800.00, 0.00)

Key: (-800.00, -800.00, 0.00)
   Value: (-700.00, -800.00, 0.00)
   Value: (-900.00, -800.00, 0.00)
   Value: (-800.00, -700.00, 0.00)
   Value: (-800.00, -900.00, 0.00)
   Value: (-900.00, -900.00, 0.00)
   Value: (-900.00, -700.00, 0.00)
   Value: (-700.00, -900.00, 0.00)
   Value: (-700.00, -700.00, 0.00)

Key: (-800.00, -700.00, 0.00)
   Value: (-700.00, -700.00, 0.00)
   Value: (-900.00, -700.00, 0.00)
   Value: (-800.00, -600.00, 0.00)
   Value: (-800.00, -800.00, 0.00)
   Value: (-900.00, -800.00, 0.00)
   Value: (-900.00, -600.00, 0.00)
   Value: (-700.00, -800.00, 0.00)
   Value: (-700.00, -600.00, 0.00)

Key: (-800.00, -600.00, 0.00)
   Value: (-700.00, -600.00, 0.00)
   Value: (-900.00, -600.00, 0.00)
   Value: (-800.00, -500.00, 0.00)
   Value: (-800.00, -700.00, 0.00)
   Value: (-900.00, -700.00, 0.00)
   Value: (-900.00, -500.00, 0.00)
   Value: (-700.00, -700.00, 0.00)
   Value: (-700.00, -500.00, 0.00)

Key: (-800.00, -500.00, 0.00)
   Value: (-700.00, -500.00, 0.00)
   Value: (-900.00, -500.00, 0.00)
   Value: (-800.00, -400.00, 0.00)
   Value: (-800.00, -600.00, 0.00)
   Value: (-900.00, -600.00, 0.00)
   Value: (-900.00, -400.00, 0.00)
   Value: (-700.00, -600.00, 0.00)
   Value: (-700.00, -400.00, 0.00)

Key: (-800.00, -400.00, 0.00)
   Value: (-700.00, -400.00, 0.00)
   Value: (-900.00, -400.00, 0.00)
   Value: (-800.00, -300.00, 0.00)
   Value: (-800.00, -500.00, 0.00)
   Value: (-900.00, -500.00, 0.00)
   Value: (-900.00, -300.00, 0.00)
   Value: (-700.00, -500.00, 0.00)
   Value: (-700.00, -300.00, 0.00)

Key: (-800.00, -300.00, 0.00)
   Value: (-700.00, -300.00, 0.00)
   Value: (-900.00, -300.00, 0.00)
   Value: (-800.00, -200.00, 0.00)
   Value: (-800.00, -400.00, 0.00)
   Value: (-900.00, -400.00, 0.00)
   Value: (-900.00, -200.00, 0.00)
   Value: (-700.00, -400.00, 0.00)
   Value: (-700.00, -200.00, 0.00)

Key: (-800.00, -200.00, 0.00)
   Value: (-700.00, -200.00, 0.00)
   Value: (-900.00, -200.00, 0.00)
   Value: (-800.00, -100.00, 0.00)
   Value: (-800.00, -300.00, 0.00)
   Value: (-900.00, -300.00, 0.00)
   Value: (-900.00, -100.00, 0.00)
   Value: (-700.00, -300.00, 0.00)
   Value: (-700.00, -100.00, 0.00)

Key: (-800.00, -100.00, 0.00)
   Value: (-700.00, -100.00, 0.00)
   Value: (-900.00, -100.00, 0.00)
   Value: (-800.00, 0.00, 0.00)
   Value: (-800.00, -200.00, 0.00)
   Value: (-900.00, -200.00, 0.00)
   Value: (-900.00, 0.00, 0.00)
   Value: (-700.00, -200.00, 0.00)
   Value: (-700.00, 0.00, 0.00)

Key: (-800.00, 0.00, 0.00)
   Value: (-700.00, 0.00, 0.00)
   Value: (-900.00, 0.00, 0.00)
   Value: (-800.00, 100.00, 0.00)
   Value: (-800.00, -100.00, 0.00)
   Value: (-900.00, -100.00, 0.00)
   Value: (-900.00, 100.00, 0.00)
   Value: (-700.00, -100.00, 0.00)
   Value: (-700.00, 100.00, 0.00)

Key: (-800.00, 100.00, 0.00)
   Value: (-700.00, 100.00, 0.00)
   Value: (-900.00, 100.00, 0.00)
   Value: (-800.00, 200.00, 0.00)
   Value: (-800.00, 0.00, 0.00)
   Value: (-900.00, 0.00, 0.00)
   Value: (-900.00, 200.00, 0.00)
   Value: (-700.00, 0.00, 0.00)
   Value: (-700.00, 200.00, 0.00)

Key: (-800.00, 200.00, 0.00)
   Value: (-700.00, 200.00, 0.00)
   Value: (-900.00, 200.00, 0.00)
   Value: (-800.00, 300.00, 0.00)
   Value: (-800.00, 100.00, 0.00)
   Value: (-900.00, 100.00, 0.00)
   Value: (-900.00, 300.00, 0.00)
   Value: (-700.00, 100.00, 0.00)
   Value: (-700.00, 300.00, 0.00)

Key: (-800.00, 300.00, 0.00)
   Value: (-700.00, 300.00, 0.00)
   Value: (-900.00, 300.00, 0.00)
   Value: (-800.00, 400.00, 0.00)
   Value: (-800.00, 200.00, 0.00)
   Value: (-900.00, 200.00, 0.00)
   Value: (-900.00, 400.00, 0.00)
   Value: (-700.00, 200.00, 0.00)
   Value: (-700.00, 400.00, 0.00)

Key: (-800.00, 400.00, 0.00)
   Value: (-700.00, 400.00, 0.00)
   Value: (-900.00, 400.00, 0.00)
   Value: (-800.00, 500.00, 0.00)
   Value: (-800.00, 300.00, 0.00)
   Value: (-900.00, 300.00, 0.00)
   Value: (-900.00, 500.00, 0.00)
   Value: (-700.00, 300.00, 0.00)
   Value: (-700.00, 500.00, 0.00)

Key: (-800.00, 500.00, 0.00)
   Value: (-700.00, 500.00, 0.00)
   Value: (-900.00, 500.00, 0.00)
   Value: (-800.00, 600.00, 0.00)
   Value: (-800.00, 400.00, 0.00)
   Value: (-900.00, 400.00, 0.00)
   Value: (-900.00, 600.00, 0.00)
   Value: (-700.00, 400.00, 0.00)
   Value: (-700.00, 600.00, 0.00)

Key: (-800.00, 600.00, 0.00)
   Value: (-700.00, 600.00, 0.00)
   Value: (-900.00, 600.00, 0.00)
   Value: (-800.00, 700.00, 0.00)
   Value: (-800.00, 500.00, 0.00)
   Value: (-900.00, 500.00, 0.00)
   Value: (-900.00, 700.00, 0.00)
   Value: (-700.00, 500.00, 0.00)
   Value: (-700.00, 700.00, 0.00)

Key: (-800.00, 700.00, 0.00)
   Value: (-700.00, 700.00, 0.00)
   Value: (-900.00, 700.00, 0.00)
   Value: (-800.00, 800.00, 0.00)
   Value: (-800.00, 600.00, 0.00)
   Value: (-900.00, 600.00, 0.00)
   Value: (-900.00, 800.00, 0.00)
   Value: (-700.00, 600.00, 0.00)
   Value: (-700.00, 800.00, 0.00)

Key: (-800.00, 800.00, 0.00)
   Value: (-700.00, 800.00, 0.00)
   Value: (-900.00, 800.00, 0.00)
   Value: (-800.00, 900.00, 0.00)
   Value: (-800.00, 700.00, 0.00)
   Value: (-900.00, 700.00, 0.00)
   Value: (-900.00, 900.00, 0.00)
   Value: (-700.00, 700.00, 0.00)
   Value: (-700.00, 900.00, 0.00)

Key: (-800.00, 900.00, 0.00)
   Value: (-700.00, 900.00, 0.00)
   Value: (-900.00, 900.00, 0.00)
   Value: (-800.00, 1000.00, 0.00)
   Value: (-800.00, 800.00, 0.00)
   Value: (-900.00, 800.00, 0.00)
   Value: (-900.00, 1000.00, 0.00)
   Value: (-700.00, 800.00, 0.00)
   Value: (-700.00, 1000.00, 0.00)

Key: (-800.00, 1000.00, 0.00)
   Value: (-700.00, 1000.00, 0.00)
   Value: (-900.00, 1000.00, 0.00)
   Value: (-800.00, 900.00, 0.00)
   Value: (-900.00, 900.00, 0.00)
   Value: (-700.00, 900.00, 0.00)

Key: (-700.00, -1000.00, 0.00)
   Value: (-600.00, -1000.00, 0.00)
   Value: (-800.00, -1000.00, 0.00)
   Value: (-700.00, -900.00, 0.00)
   Value: (-800.00, -900.00, 0.00)
   Value: (-600.00, -900.00, 0.00)

Key: (-700.00, -900.00, 0.00)
   Value: (-600.00, -900.00, 0.00)
   Value: (-800.00, -900.00, 0.00)
   Value: (-700.00, -800.00, 0.00)
   Value: (-700.00, -1000.00, 0.00)
   Value: (-800.00, -1000.00, 0.00)
   Value: (-800.00, -800.00, 0.00)
   Value: (-600.00, -1000.00, 0.00)
   Value: (-600.00, -800.00, 0.00)

Key: (-700.00, -800.00, 0.00)
   Value: (-600.00, -800.00, 0.00)
   Value: (-800.00, -800.00, 0.00)
   Value: (-700.00, -700.00, 0.00)
   Value: (-700.00, -900.00, 0.00)
   Value: (-800.00, -900.00, 0.00)
   Value: (-800.00, -700.00, 0.00)
   Value: (-600.00, -900.00, 0.00)
   Value: (-600.00, -700.00, 0.00)

Key: (-700.00, -700.00, 0.00)
   Value: (-600.00, -700.00, 0.00)
   Value: (-800.00, -700.00, 0.00)
   Value: (-700.00, -600.00, 0.00)
   Value: (-700.00, -800.00, 0.00)
   Value: (-800.00, -800.00, 0.00)
   Value: (-800.00, -600.00, 0.00)
   Value: (-600.00, -800.00, 0.00)
   Value: (-600.00, -600.00, 0.00)

Key: (-700.00, -600.00, 0.00)
   Value: (-600.00, -600.00, 0.00)
   Value: (-800.00, -600.00, 0.00)
   Value: (-700.00, -500.00, 0.00)
   Value: (-700.00, -700.00, 0.00)
   Value: (-800.00, -700.00, 0.00)
   Value: (-800.00, -500.00, 0.00)
   Value: (-600.00, -700.00, 0.00)
   Value: (-600.00, -500.00, 0.00)

Key: (-700.00, -500.00, 0.00)
   Value: (-600.00, -500.00, 0.00)
   Value: (-800.00, -500.00, 0.00)
   Value: (-700.00, -400.00, 0.00)
   Value: (-700.00, -600.00, 0.00)
   Value: (-800.00, -600.00, 0.00)
   Value: (-800.00, -400.00, 0.00)
   Value: (-600.00, -600.00, 0.00)
   Value: (-600.00, -400.00, 0.00)

Key: (-700.00, -400.00, 0.00)
   Value: (-600.00, -400.00, 0.00)
   Value: (-800.00, -400.00, 0.00)
   Value: (-700.00, -300.00, 0.00)
   Value: (-700.00, -500.00, 0.00)
   Value: (-800.00, -500.00, 0.00)
   Value: (-800.00, -300.00, 0.00)
   Value: (-600.00, -500.00, 0.00)
   Value: (-600.00, -300.00, 0.00)

Key: (-700.00, -300.00, 0.00)
   Value: (-600.00, -300.00, 0.00)
   Value: (-800.00, -300.00, 0.00)
   Value: (-700.00, -200.00, 0.00)
   Value: (-700.00, -400.00, 0.00)
   Value: (-800.00, -400.00, 0.00)
   Value: (-800.00, -200.00, 0.00)
   Value: (-600.00, -400.00, 0.00)
   Value: (-600.00, -200.00, 0.00)

Key: (-700.00, -200.00, 0.00)
   Value: (-600.00, -200.00, 0.00)
   Value: (-800.00, -200.00, 0.00)
   Value: (-700.00, -100.00, 0.00)
   Value: (-700.00, -300.00, 0.00)
   Value: (-800.00, -300.00, 0.00)
   Value: (-800.00, -100.00, 0.00)
   Value: (-600.00, -300.00, 0.00)
   Value: (-600.00, -100.00, 0.00)

Key: (-700.00, -100.00, 0.00)
   Value: (-600.00, -100.00, 0.00)
   Value: (-800.00, -100.00, 0.00)
   Value: (-700.00, 0.00, 0.00)
   Value: (-700.00, -200.00, 0.00)
   Value: (-800.00, -200.00, 0.00)
   Value: (-800.00, 0.00, 0.00)
   Value: (-600.00, -200.00, 0.00)
   Value: (-600.00, 0.00, 0.00)

Key: (-700.00, 0.00, 0.00)
   Value: (-600.00, 0.00, 0.00)
   Value: (-800.00, 0.00, 0.00)
   Value: (-700.00, 100.00, 0.00)
   Value: (-700.00, -100.00, 0.00)
   Value: (-800.00, -100.00, 0.00)
   Value: (-800.00, 100.00, 0.00)
   Value: (-600.00, -100.00, 0.00)
   Value: (-600.00, 100.00, 0.00)

Key: (-700.00, 100.00, 0.00)
   Value: (-600.00, 100.00, 0.00)
   Value: (-800.00, 100.00, 0.00)
   Value: (-700.00, 200.00, 0.00)
   Value: (-700.00, 0.00, 0.00)
   Value: (-800.00, 0.00, 0.00)
   Value: (-800.00, 200.00, 0.00)
   Value: (-600.00, 0.00, 0.00)
   Value: (-600.00, 200.00, 0.00)

Key: (-700.00, 200.00, 0.00)
   Value: (-600.00, 200.00, 0.00)
   Value: (-800.00, 200.00, 0.00)
   Value: (-700.00, 300.00, 0.00)
   Value: (-700.00, 100.00, 0.00)
   Value: (-800.00, 100.00, 0.00)
   Value: (-800.00, 300.00, 0.00)
   Value: (-600.00, 100.00, 0.00)
   Value: (-600.00, 300.00, 0.00)

Key: (-700.00, 300.00, 0.00)
   Value: (-600.00, 300.00, 0.00)
   Value: (-800.00, 300.00, 0.00)
   Value: (-700.00, 400.00, 0.00)
   Value: (-700.00, 200.00, 0.00)
   Value: (-800.00, 200.00, 0.00)
   Value: (-800.00, 400.00, 0.00)
   Value: (-600.00, 200.00, 0.00)
   Value: (-600.00, 400.00, 0.00)

Key: (-700.00, 400.00, 0.00)
   Value: (-600.00, 400.00, 0.00)
   Value: (-800.00, 400.00, 0.00)
   Value: (-700.00, 500.00, 0.00)
   Value: (-700.00, 300.00, 0.00)
   Value: (-800.00, 300.00, 0.00)
   Value: (-800.00, 500.00, 0.00)
   Value: (-600.00, 300.00, 0.00)
   Value: (-600.00, 500.00, 0.00)

Key: (-700.00, 500.00, 0.00)
   Value: (-600.00, 500.00, 0.00)
   Value: (-800.00, 500.00, 0.00)
   Value: (-700.00, 600.00, 0.00)
   Value: (-700.00, 400.00, 0.00)
   Value: (-800.00, 400.00, 0.00)
   Value: (-800.00, 600.00, 0.00)
   Value: (-600.00, 400.00, 0.00)
   Value: (-600.00, 600.00, 0.00)

Key: (-700.00, 600.00, 0.00)
   Value: (-600.00, 600.00, 0.00)
   Value: (-800.00, 600.00, 0.00)
   Value: (-700.00, 700.00, 0.00)
   Value: (-700.00, 500.00, 0.00)
   Value: (-800.00, 500.00, 0.00)
   Value: (-800.00, 700.00, 0.00)
   Value: (-600.00, 500.00, 0.00)
   Value: (-600.00, 700.00, 0.00)

Key: (-700.00, 700.00, 0.00)
   Value: (-600.00, 700.00, 0.00)
   Value: (-800.00, 700.00, 0.00)
   Value: (-700.00, 800.00, 0.00)
   Value: (-700.00, 600.00, 0.00)
   Value: (-800.00, 600.00, 0.00)
   Value: (-800.00, 800.00, 0.00)
   Value: (-600.00, 600.00, 0.00)
   Value: (-600.00, 800.00, 0.00)

Key: (-700.00, 800.00, 0.00)
   Value: (-600.00, 800.00, 0.00)
   Value: (-800.00, 800.00, 0.00)
   Value: (-700.00, 900.00, 0.00)
   Value: (-700.00, 700.00, 0.00)
   Value: (-800.00, 700.00, 0.00)
   Value: (-800.00, 900.00, 0.00)
   Value: (-600.00, 700.00, 0.00)
   Value: (-600.00, 900.00, 0.00)

Key: (-700.00, 900.00, 0.00)
   Value: (-600.00, 900.00, 0.00)
   Value: (-800.00, 900.00, 0.00)
   Value: (-700.00, 1000.00, 0.00)
   Value: (-700.00, 800.00, 0.00)
   Value: (-800.00, 800.00, 0.00)
   Value: (-800.00, 1000.00, 0.00)
   Value: (-600.00, 800.00, 0.00)
   Value: (-600.00, 1000.00, 0.00)

Key: (-700.00, 1000.00, 0.00)
   Value: (-600.00, 1000.00, 0.00)
   Value: (-800.00, 1000.00, 0.00)
   Value: (-700.00, 900.00, 0.00)
   Value: (-800.00, 900.00, 0.00)
   Value: (-600.00, 900.00, 0.00)

Key: (-600.00, -1000.00, 0.00)
   Value: (-500.00, -1000.00, 0.00)
   Value: (-700.00, -1000.00, 0.00)
   Value: (-600.00, -900.00, 0.00)
   Value: (-700.00, -900.00, 0.00)
   Value: (-500.00, -900.00, 0.00)

Key: (-600.00, -900.00, 0.00)
   Value: (-500.00, -900.00, 0.00)
   Value: (-700.00, -900.00, 0.00)
   Value: (-600.00, -800.00, 0.00)
   Value: (-600.00, -1000.00, 0.00)
   Value: (-700.00, -1000.00, 0.00)
   Value: (-700.00, -800.00, 0.00)
   Value: (-500.00, -1000.00, 0.00)
   Value: (-500.00, -800.00, 0.00)

Key: (-600.00, -800.00, 0.00)
   Value: (-500.00, -800.00, 0.00)
   Value: (-700.00, -800.00, 0.00)
   Value: (-600.00, -700.00, 0.00)
   Value: (-600.00, -900.00, 0.00)
   Value: (-700.00, -900.00, 0.00)
   Value: (-700.00, -700.00, 0.00)
   Value: (-500.00, -900.00, 0.00)
   Value: (-500.00, -700.00, 0.00)

Key: (-600.00, -700.00, 0.00)
   Value: (-500.00, -700.00, 0.00)
   Value: (-700.00, -700.00, 0.00)
   Value: (-600.00, -600.00, 0.00)
   Value: (-600.00, -800.00, 0.00)
   Value: (-700.00, -800.00, 0.00)
   Value: (-700.00, -600.00, 0.00)
   Value: (-500.00, -800.00, 0.00)
   Value: (-500.00, -600.00, 0.00)

Key: (-600.00, -600.00, 0.00)
   Value: (-500.00, -600.00, 0.00)
   Value: (-700.00, -600.00, 0.00)
   Value: (-600.00, -500.00, 0.00)
   Value: (-600.00, -700.00, 0.00)
   Value: (-700.00, -700.00, 0.00)
   Value: (-700.00, -500.00, 0.00)
   Value: (-500.00, -700.00, 0.00)
   Value: (-500.00, -500.00, 0.00)

Key: (-600.00, -500.00, 0.00)
   Value: (-500.00, -500.00, 0.00)
   Value: (-700.00, -500.00, 0.00)
   Value: (-600.00, -400.00, 0.00)
   Value: (-600.00, -600.00, 0.00)
   Value: (-700.00, -600.00, 0.00)
   Value: (-700.00, -400.00, 0.00)
   Value: (-500.00, -600.00, 0.00)
   Value: (-500.00, -400.00, 0.00)

Key: (-600.00, -400.00, 0.00)
   Value: (-500.00, -400.00, 0.00)
   Value: (-700.00, -400.00, 0.00)
   Value: (-600.00, -300.00, 0.00)
   Value: (-600.00, -500.00, 0.00)
   Value: (-700.00, -500.00, 0.00)
   Value: (-700.00, -300.00, 0.00)
   Value: (-500.00, -500.00, 0.00)
   Value: (-500.00, -300.00, 0.00)

Key: (-600.00, -300.00, 0.00)
   Value: (-500.00, -300.00, 0.00)
   Value: (-700.00, -300.00, 0.00)
   Value: (-600.00, -200.00, 0.00)
   Value: (-600.00, -400.00, 0.00)
   Value: (-700.00, -400.00, 0.00)
   Value: (-700.00, -200.00, 0.00)
   Value: (-500.00, -400.00, 0.00)
   Value: (-500.00, -200.00, 0.00)

Key: (-600.00, -200.00, 0.00)
   Value: (-500.00, -200.00, 0.00)
   Value: (-700.00, -200.00, 0.00)
   Value: (-600.00, -100.00, 0.00)
   Value: (-600.00, -300.00, 0.00)
   Value: (-700.00, -300.00, 0.00)
   Value: (-700.00, -100.00, 0.00)
   Value: (-500.00, -300.00, 0.00)
   Value: (-500.00, -100.00, 0.00)

Key: (-600.00, -100.00, 0.00)
   Value: (-500.00, -100.00, 0.00)
   Value: (-700.00, -100.00, 0.00)
   Value: (-600.00, 0.00, 0.00)
   Value: (-600.00, -200.00, 0.00)
   Value: (-700.00, -200.00, 0.00)
   Value: (-700.00, 0.00, 0.00)
   Value: (-500.00, -200.00, 0.00)
   Value: (-500.00, 0.00, 0.00)

Key: (-600.00, 0.00, 0.00)
   Value: (-500.00, 0.00, 0.00)
   Value: (-700.00, 0.00, 0.00)
   Value: (-600.00, 100.00, 0.00)
   Value: (-600.00, -100.00, 0.00)
   Value: (-700.00, -100.00, 0.00)
   Value: (-700.00, 100.00, 0.00)
   Value: (-500.00, -100.00, 0.00)
   Value: (-500.00, 100.00, 0.00)

Key: (-600.00, 100.00, 0.00)
   Value: (-500.00, 100.00, 0.00)
   Value: (-700.00, 100.00, 0.00)
   Value: (-600.00, 200.00, 0.00)
   Value: (-600.00, 0.00, 0.00)
   Value: (-700.00, 0.00, 0.00)
   Value: (-700.00, 200.00, 0.00)
   Value: (-500.00, 0.00, 0.00)
   Value: (-500.00, 200.00, 0.00)

Key: (-600.00, 200.00, 0.00)
   Value: (-500.00, 200.00, 0.00)
   Value: (-700.00, 200.00, 0.00)
   Value: (-600.00, 300.00, 0.00)
   Value: (-600.00, 100.00, 0.00)
   Value: (-700.00, 100.00, 0.00)
   Value: (-700.00, 300.00, 0.00)
   Value: (-500.00, 100.00, 0.00)
   Value: (-500.00, 300.00, 0.00)

Key: (-600.00, 300.00, 0.00)
   Value: (-500.00, 300.00, 0.00)
   Value: (-700.00, 300.00, 0.00)
   Value: (-600.00, 400.00, 0.00)
   Value: (-600.00, 200.00, 0.00)
   Value: (-700.00, 200.00, 0.00)
   Value: (-700.00, 400.00, 0.00)
   Value: (-500.00, 200.00, 0.00)
   Value: (-500.00, 400.00, 0.00)

Key: (-600.00, 400.00, 0.00)
   Value: (-500.00, 400.00, 0.00)
   Value: (-700.00, 400.00, 0.00)
   Value: (-600.00, 500.00, 0.00)
   Value: (-600.00, 300.00, 0.00)
   Value: (-700.00, 300.00, 0.00)
   Value: (-700.00, 500.00, 0.00)
   Value: (-500.00, 300.00, 0.00)
   Value: (-500.00, 500.00, 0.00)

Key: (-600.00, 500.00, 0.00)
   Value: (-500.00, 500.00, 0.00)
   Value: (-700.00, 500.00, 0.00)
   Value: (-600.00, 600.00, 0.00)
   Value: (-600.00, 400.00, 0.00)
   Value: (-700.00, 400.00, 0.00)
   Value: (-700.00, 600.00, 0.00)
   Value: (-500.00, 400.00, 0.00)
   Value: (-500.00, 600.00, 0.00)

Key: (-600.00, 600.00, 0.00)
   Value: (-500.00, 600.00, 0.00)
   Value: (-700.00, 600.00, 0.00)
   Value: (-600.00, 700.00, 0.00)
   Value: (-600.00, 500.00, 0.00)
   Value: (-700.00, 500.00, 0.00)
   Value: (-700.00, 700.00, 0.00)
   Value: (-500.00, 500.00, 0.00)
   Value: (-500.00, 700.00, 0.00)

Key: (-600.00, 700.00, 0.00)
   Value: (-500.00, 700.00, 0.00)
   Value: (-700.00, 700.00, 0.00)
   Value: (-600.00, 800.00, 0.00)
   Value: (-600.00, 600.00, 0.00)
   Value: (-700.00, 600.00, 0.00)
   Value: (-700.00, 800.00, 0.00)
   Value: (-500.00, 600.00, 0.00)
   Value: (-500.00, 800.00, 0.00)

Key: (-600.00, 800.00, 0.00)
   Value: (-500.00, 800.00, 0.00)
   Value: (-700.00, 800.00, 0.00)
   Value: (-600.00, 900.00, 0.00)
   Value: (-600.00, 700.00, 0.00)
   Value: (-700.00, 700.00, 0.00)
   Value: (-700.00, 900.00, 0.00)
   Value: (-500.00, 700.00, 0.00)
   Value: (-500.00, 900.00, 0.00)

Key: (-600.00, 900.00, 0.00)
   Value: (-500.00, 900.00, 0.00)
   Value: (-700.00, 900.00, 0.00)
   Value: (-600.00, 1000.00, 0.00)
   Value: (-600.00, 800.00, 0.00)
   Value: (-700.00, 800.00, 0.00)
   Value: (-700.00, 1000.00, 0.00)
   Value: (-500.00, 800.00, 0.00)
   Value: (-500.00, 1000.00, 0.00)

Key: (-600.00, 1000.00, 0.00)
   Value: (-500.00, 1000.00, 0.00)
   Value: (-700.00, 1000.00, 0.00)
   Value: (-600.00, 900.00, 0.00)
   Value: (-700.00, 900.00, 0.00)
   Value: (-500.00, 900.00, 0.00)

Key: (-500.00, -1000.00, 0.00)
   Value: (-400.00, -1000.00, 0.00)
   Value: (-600.00, -1000.00, 0.00)
   Value: (-500.00, -900.00, 0.00)
   Value: (-600.00, -900.00, 0.00)
   Value: (-400.00, -900.00, 0.00)

Key: (-500.00, -900.00, 0.00)
   Value: (-400.00, -900.00, 0.00)
   Value: (-600.00, -900.00, 0.00)
   Value: (-500.00, -800.00, 0.00)
   Value: (-500.00, -1000.00, 0.00)
   Value: (-600.00, -1000.00, 0.00)
   Value: (-600.00, -800.00, 0.00)
   Value: (-400.00, -1000.00, 0.00)
   Value: (-400.00, -800.00, 0.00)

Key: (-500.00, -800.00, 0.00)
   Value: (-400.00, -800.00, 0.00)
   Value: (-600.00, -800.00, 0.00)
   Value: (-500.00, -700.00, 0.00)
   Value: (-500.00, -900.00, 0.00)
   Value: (-600.00, -900.00, 0.00)
   Value: (-600.00, -700.00, 0.00)
   Value: (-400.00, -900.00, 0.00)
   Value: (-400.00, -700.00, 0.00)

Key: (-500.00, -700.00, 0.00)
   Value: (-400.00, -700.00, 0.00)
   Value: (-600.00, -700.00, 0.00)
   Value: (-500.00, -600.00, 0.00)
   Value: (-500.00, -800.00, 0.00)
   Value: (-600.00, -800.00, 0.00)
   Value: (-600.00, -600.00, 0.00)
   Value: (-400.00, -800.00, 0.00)
   Value: (-400.00, -600.00, 0.00)

Key: (-500.00, -600.00, 0.00)
   Value: (-400.00, -600.00, 0.00)
   Value: (-600.00, -600.00, 0.00)
   Value: (-500.00, -500.00, 0.00)
   Value: (-500.00, -700.00, 0.00)
   Value: (-600.00, -700.00, 0.00)
   Value: (-600.00, -500.00, 0.00)
   Value: (-400.00, -700.00, 0.00)
   Value: (-400.00, -500.00, 0.00)

Key: (-500.00, -500.00, 0.00)
   Value: (-400.00, -500.00, 0.00)
   Value: (-600.00, -500.00, 0.00)
   Value: (-500.00, -400.00, 0.00)
   Value: (-500.00, -600.00, 0.00)
   Value: (-600.00, -600.00, 0.00)
   Value: (-600.00, -400.00, 0.00)
   Value: (-400.00, -600.00, 0.00)
   Value: (-400.00, -400.00, 0.00)

Key: (-500.00, -400.00, 0.00)
   Value: (-400.00, -400.00, 0.00)
   Value: (-600.00, -400.00, 0.00)
   Value: (-500.00, -300.00, 0.00)
   Value: (-500.00, -500.00, 0.00)
   Value: (-600.00, -500.00, 0.00)
   Value: (-600.00, -300.00, 0.00)
   Value: (-400.00, -500.00, 0.00)
   Value: (-400.00, -300.00, 0.00)

Key: (-500.00, -300.00, 0.00)
   Value: (-400.00, -300.00, 0.00)
   Value: (-600.00, -300.00, 0.00)
   Value: (-500.00, -200.00, 0.00)
   Value: (-500.00, -400.00, 0.00)
   Value: (-600.00, -400.00, 0.00)
   Value: (-600.00, -200.00, 0.00)
   Value: (-400.00, -400.00, 0.00)
   Value: (-400.00, -200.00, 0.00)

Key: (-500.00, -200.00, 0.00)
   Value: (-400.00, -200.00, 0.00)
   Value: (-600.00, -200.00, 0.00)
   Value: (-500.00, -100.00, 0.00)
   Value: (-500.00, -300.00, 0.00)
   Value: (-600.00, -300.00, 0.00)
   Value: (-600.00, -100.00, 0.00)
   Value: (-400.00, -300.00, 0.00)
   Value: (-400.00, -100.00, 0.00)

Key: (-500.00, -100.00, 0.00)
   Value: (-400.00, -100.00, 0.00)
   Value: (-600.00, -100.00, 0.00)
   Value: (-500.00, 0.00, 0.00)
   Value: (-500.00, -200.00, 0.00)
   Value: (-600.00, -200.00, 0.00)
   Value: (-600.00, 0.00, 0.00)
   Value: (-400.00, -200.00, 0.00)
   Value: (-400.00, 0.00, 0.00)

Key: (-500.00, 0.00, 0.00)
   Value: (-400.00, 0.00, 0.00)
   Value: (-600.00, 0.00, 0.00)
   Value: (-500.00, 100.00, 0.00)
   Value: (-500.00, -100.00, 0.00)
   Value: (-600.00, -100.00, 0.00)
   Value: (-600.00, 100.00, 0.00)
   Value: (-400.00, -100.00, 0.00)
   Value: (-400.00, 100.00, 0.00)

Key: (-500.00, 100.00, 0.00)
   Value: (-400.00, 100.00, 0.00)
   Value: (-600.00, 100.00, 0.00)
   Value: (-500.00, 200.00, 0.00)
   Value: (-500.00, 0.00, 0.00)
   Value: (-600.00, 0.00, 0.00)
   Value: (-600.00, 200.00, 0.00)
   Value: (-400.00, 0.00, 0.00)
   Value: (-400.00, 200.00, 0.00)

Key: (-500.00, 200.00, 0.00)
   Value: (-400.00, 200.00, 0.00)
   Value: (-600.00, 200.00, 0.00)
   Value: (-500.00, 300.00, 0.00)
   Value: (-500.00, 100.00, 0.00)
   Value: (-600.00, 100.00, 0.00)
   Value: (-600.00, 300.00, 0.00)
   Value: (-400.00, 100.00, 0.00)
   Value: (-400.00, 300.00, 0.00)

Key: (-500.00, 300.00, 0.00)
   Value: (-400.00, 300.00, 0.00)
   Value: (-600.00, 300.00, 0.00)
   Value: (-500.00, 400.00, 0.00)
   Value: (-500.00, 200.00, 0.00)
   Value: (-600.00, 200.00, 0.00)
   Value: (-600.00, 400.00, 0.00)
   Value: (-400.00, 200.00, 0.00)
   Value: (-400.00, 400.00, 0.00)

Key: (-500.00, 400.00, 0.00)
   Value: (-400.00, 400.00, 0.00)
   Value: (-600.00, 400.00, 0.00)
   Value: (-500.00, 500.00, 0.00)
   Value: (-500.00, 300.00, 0.00)
   Value: (-600.00, 300.00, 0.00)
   Value: (-600.00, 500.00, 0.00)
   Value: (-400.00, 300.00, 0.00)
   Value: (-400.00, 500.00, 0.00)

Key: (-500.00, 500.00, 0.00)
   Value: (-400.00, 500.00, 0.00)
   Value: (-600.00, 500.00, 0.00)
   Value: (-500.00, 600.00, 0.00)
   Value: (-500.00, 400.00, 0.00)
   Value: (-600.00, 400.00, 0.00)
   Value: (-600.00, 600.00, 0.00)
   Value: (-400.00, 400.00, 0.00)
   Value: (-400.00, 600.00, 0.00)

Key: (-500.00, 600.00, 0.00)
   Value: (-400.00, 600.00, 0.00)
   Value: (-600.00, 600.00, 0.00)
   Value: (-500.00, 700.00, 0.00)
   Value: (-500.00, 500.00, 0.00)
   Value: (-600.00, 500.00, 0.00)
   Value: (-600.00, 700.00, 0.00)
   Value: (-400.00, 500.00, 0.00)
   Value: (-400.00, 700.00, 0.00)

Key: (-500.00, 700.00, 0.00)
   Value: (-400.00, 700.00, 0.00)
   Value: (-600.00, 700.00, 0.00)
   Value: (-500.00, 800.00, 0.00)
   Value: (-500.00, 600.00, 0.00)
   Value: (-600.00, 600.00, 0.00)
   Value: (-600.00, 800.00, 0.00)
   Value: (-400.00, 600.00, 0.00)
   Value: (-400.00, 800.00, 0.00)

Key: (-500.00, 800.00, 0.00)
   Value: (-400.00, 800.00, 0.00)
   Value: (-600.00, 800.00, 0.00)
   Value: (-500.00, 900.00, 0.00)
   Value: (-500.00, 700.00, 0.00)
   Value: (-600.00, 700.00, 0.00)
   Value: (-600.00, 900.00, 0.00)
   Value: (-400.00, 700.00, 0.00)
   Value: (-400.00, 900.00, 0.00)

Key: (-500.00, 900.00, 0.00)
   Value: (-400.00, 900.00, 0.00)
   Value: (-600.00, 900.00, 0.00)
   Value: (-500.00, 1000.00, 0.00)
   Value: (-500.00, 800.00, 0.00)
   Value: (-600.00, 800.00, 0.00)
   Value: (-600.00, 1000.00, 0.00)
   Value: (-400.00, 800.00, 0.00)
   Value: (-400.00, 1000.00, 0.00)

Key: (-500.00, 1000.00, 0.00)
   Value: (-400.00, 1000.00, 0.00)
   Value: (-600.00, 1000.00, 0.00)
   Value: (-500.00, 900.00, 0.00)
   Value: (-600.00, 900.00, 0.00)
   Value: (-400.00, 900.00, 0.00)

Key: (-400.00, -1000.00, 0.00)
   Value: (-300.00, -1000.00, 0.00)
   Value: (-500.00, -1000.00, 0.00)
   Value: (-400.00, -900.00, 0.00)
   Value: (-500.00, -900.00, 0.00)
   Value: (-300.00, -900.00, 0.00)

Key: (-400.00, -900.00, 0.00)
   Value: (-300.00, -900.00, 0.00)
   Value: (-500.00, -900.00, 0.00)
   Value: (-400.00, -800.00, 0.00)
   Value: (-400.00, -1000.00, 0.00)
   Value: (-500.00, -1000.00, 0.00)
   Value: (-500.00, -800.00, 0.00)
   Value: (-300.00, -1000.00, 0.00)
   Value: (-300.00, -800.00, 0.00)

Key: (-400.00, -800.00, 0.00)
   Value: (-300.00, -800.00, 0.00)
   Value: (-500.00, -800.00, 0.00)
   Value: (-400.00, -700.00, 0.00)
   Value: (-400.00, -900.00, 0.00)
   Value: (-500.00, -900.00, 0.00)
   Value: (-500.00, -700.00, 0.00)
   Value: (-300.00, -900.00, 0.00)
   Value: (-300.00, -700.00, 0.00)

Key: (-400.00, -700.00, 0.00)
   Value: (-300.00, -700.00, 0.00)
   Value: (-500.00, -700.00, 0.00)
   Value: (-400.00, -600.00, 0.00)
   Value: (-400.00, -800.00, 0.00)
   Value: (-500.00, -800.00, 0.00)
   Value: (-500.00, -600.00, 0.00)
   Value: (-300.00, -800.00, 0.00)
   Value: (-300.00, -600.00, 0.00)

Key: (-400.00, -600.00, 0.00)
   Value: (-300.00, -600.00, 0.00)
   Value: (-500.00, -600.00, 0.00)
   Value: (-400.00, -500.00, 0.00)
   Value: (-400.00, -700.00, 0.00)
   Value: (-500.00, -700.00, 0.00)
   Value: (-500.00, -500.00, 0.00)
   Value: (-300.00, -700.00, 0.00)
   Value: (-300.00, -500.00, 0.00)

Key: (-400.00, -500.00, 0.00)
   Value: (-300.00, -500.00, 0.00)
   Value: (-500.00, -500.00, 0.00)
   Value: (-400.00, -400.00, 0.00)
   Value: (-400.00, -600.00, 0.00)
   Value: (-500.00, -600.00, 0.00)
   Value: (-500.00, -400.00, 0.00)
   Value: (-300.00, -600.00, 0.00)
   Value: (-300.00, -400.00, 0.00)

Key: (-400.00, -400.00, 0.00)
   Value: (-300.00, -400.00, 0.00)
   Value: (-500.00, -400.00, 0.00)
   Value: (-400.00, -300.00, 0.00)
   Value: (-400.00, -500.00, 0.00)
   Value: (-500.00, -500.00, 0.00)
   Value: (-500.00, -300.00, 0.00)
   Value: (-300.00, -500.00, 0.00)
   Value: (-300.00, -300.00, 0.00)

Key: (-400.00, -300.00, 0.00)
   Value: (-300.00, -300.00, 0.00)
   Value: (-500.00, -300.00, 0.00)
   Value: (-400.00, -200.00, 0.00)
   Value: (-400.00, -400.00, 0.00)
   Value: (-500.00, -400.00, 0.00)
   Value: (-500.00, -200.00, 0.00)
   Value: (-300.00, -400.00, 0.00)
   Value: (-300.00, -200.00, 0.00)

Key: (-400.00, -200.00, 0.00)
   Value: (-300.00, -200.00, 0.00)
   Value: (-500.00, -200.00, 0.00)
   Value: (-400.00, -100.00, 0.00)
   Value: (-400.00, -300.00, 0.00)
   Value: (-500.00, -300.00, 0.00)
   Value: (-500.00, -100.00, 0.00)
   Value: (-300.00, -300.00, 0.00)
   Value: (-300.00, -100.00, 0.00)

Key: (-400.00, -100.00, 0.00)
   Value: (-300.00, -100.00, 0.00)
   Value: (-500.00, -100.00, 0.00)
   Value: (-400.00, 0.00, 0.00)
   Value: (-400.00, -200.00, 0.00)
   Value: (-500.00, -200.00, 0.00)
   Value: (-500.00, 0.00, 0.00)
   Value: (-300.00, -200.00, 0.00)
   Value: (-300.00, 0.00, 0.00)

Key: (-400.00, 0.00, 0.00)
   Value: (-300.00, 0.00, 0.00)
   Value: (-500.00, 0.00, 0.00)
   Value: (-400.00, 100.00, 0.00)
   Value: (-400.00, -100.00, 0.00)
   Value: (-500.00, -100.00, 0.00)
   Value: (-500.00, 100.00, 0.00)
   Value: (-300.00, -100.00, 0.00)
   Value: (-300.00, 100.00, 0.00)

Key: (-400.00, 100.00, 0.00)
   Value: (-300.00, 100.00, 0.00)
   Value: (-500.00, 100.00, 0.00)
   Value: (-400.00, 200.00, 0.00)
   Value: (-400.00, 0.00, 0.00)
   Value: (-500.00, 0.00, 0.00)
   Value: (-500.00, 200.00, 0.00)
   Value: (-300.00, 0.00, 0.00)
   Value: (-300.00, 200.00, 0.00)

Key: (-400.00, 200.00, 0.00)
   Value: (-300.00, 200.00, 0.00)
   Value: (-500.00, 200.00, 0.00)
   Value: (-400.00, 300.00, 0.00)
   Value: (-400.00, 100.00, 0.00)
   Value: (-500.00, 100.00, 0.00)
   Value: (-500.00, 300.00, 0.00)
   Value: (-300.00, 100.00, 0.00)
   Value: (-300.00, 300.00, 0.00)

Key: (-400.00, 300.00, 0.00)
   Value: (-300.00, 300.00, 0.00)
   Value: (-500.00, 300.00, 0.00)
   Value: (-400.00, 400.00, 0.00)
   Value: (-400.00, 200.00, 0.00)
   Value: (-500.00, 200.00, 0.00)
   Value: (-500.00, 400.00, 0.00)
   Value: (-300.00, 200.00, 0.00)
   Value: (-300.00, 400.00, 0.00)

Key: (-400.00, 400.00, 0.00)
   Value: (-300.00, 400.00, 0.00)
   Value: (-500.00, 400.00, 0.00)
   Value: (-400.00, 500.00, 0.00)
   Value: (-400.00, 300.00, 0.00)
   Value: (-500.00, 300.00, 0.00)
   Value: (-500.00, 500.00, 0.00)
   Value: (-300.00, 300.00, 0.00)
   Value: (-300.00, 500.00, 0.00)

Key: (-400.00, 500.00, 0.00)
   Value: (-300.00, 500.00, 0.00)
   Value: (-500.00, 500.00, 0.00)
   Value: (-400.00, 600.00, 0.00)
   Value: (-400.00, 400.00, 0.00)
   Value: (-500.00, 400.00, 0.00)
   Value: (-500.00, 600.00, 0.00)
   Value: (-300.00, 400.00, 0.00)
   Value: (-300.00, 600.00, 0.00)

Key: (-400.00, 600.00, 0.00)
   Value: (-300.00, 600.00, 0.00)
   Value: (-500.00, 600.00, 0.00)
   Value: (-400.00, 700.00, 0.00)
   Value: (-400.00, 500.00, 0.00)
   Value: (-500.00, 500.00, 0.00)
   Value: (-500.00, 700.00, 0.00)
   Value: (-300.00, 500.00, 0.00)
   Value: (-300.00, 700.00, 0.00)

Key: (-400.00, 700.00, 0.00)
   Value: (-300.00, 700.00, 0.00)
   Value: (-500.00, 700.00, 0.00)
   Value: (-400.00, 800.00, 0.00)
   Value: (-400.00, 600.00, 0.00)
   Value: (-500.00, 600.00, 0.00)
   Value: (-500.00, 800.00, 0.00)
   Value: (-300.00, 600.00, 0.00)
   Value: (-300.00, 800.00, 0.00)

Key: (-400.00, 800.00, 0.00)
   Value: (-300.00, 800.00, 0.00)
   Value: (-500.00, 800.00, 0.00)
   Value: (-400.00, 900.00, 0.00)
   Value: (-400.00, 700.00, 0.00)
   Value: (-500.00, 700.00, 0.00)
   Value: (-500.00, 900.00, 0.00)
   Value: (-300.00, 700.00, 0.00)
   Value: (-300.00, 900.00, 0.00)

Key: (-400.00, 900.00, 0.00)
   Value: (-300.00, 900.00, 0.00)
   Value: (-500.00, 900.00, 0.00)
   Value: (-400.00, 1000.00, 0.00)
   Value: (-400.00, 800.00, 0.00)
   Value: (-500.00, 800.00, 0.00)
   Value: (-500.00, 1000.00, 0.00)
   Value: (-300.00, 800.00, 0.00)
   Value: (-300.00, 1000.00, 0.00)

Key: (-400.00, 1000.00, 0.00)
   Value: (-300.00, 1000.00, 0.00)
   Value: (-500.00, 1000.00, 0.00)
   Value: (-400.00, 900.00, 0.00)
   Value: (-500.00, 900.00, 0.00)
   Value: (-300.00, 900.00, 0.00)

Key: (-300.00, -1000.00, 0.00)
   Value: (-200.00, -1000.00, 0.00)
   Value: (-400.00, -1000.00, 0.00)
   Value: (-300.00, -900.00, 0.00)
   Value: (-400.00, -900.00, 0.00)
   Value: (-200.00, -900.00, 0.00)

Key: (-300.00, -900.00, 0.00)
   Value: (-200.00, -900.00, 0.00)
   Value: (-400.00, -900.00, 0.00)
   Value: (-300.00, -800.00, 0.00)
   Value: (-300.00, -1000.00, 0.00)
   Value: (-400.00, -1000.00, 0.00)
   Value: (-400.00, -800.00, 0.00)
   Value: (-200.00, -1000.00, 0.00)
   Value: (-200.00, -800.00, 0.00)

Key: (-300.00, -800.00, 0.00)
   Value: (-200.00, -800.00, 0.00)
   Value: (-400.00, -800.00, 0.00)
   Value: (-300.00, -700.00, 0.00)
   Value: (-300.00, -900.00, 0.00)
   Value: (-400.00, -900.00, 0.00)
   Value: (-400.00, -700.00, 0.00)
   Value: (-200.00, -900.00, 0.00)
   Value: (-200.00, -700.00, 0.00)

Key: (-300.00, -700.00, 0.00)
   Value: (-200.00, -700.00, 0.00)
   Value: (-400.00, -700.00, 0.00)
   Value: (-300.00, -600.00, 0.00)
   Value: (-300.00, -800.00, 0.00)
   Value: (-400.00, -800.00, 0.00)
   Value: (-400.00, -600.00, 0.00)
   Value: (-200.00, -800.00, 0.00)
   Value: (-200.00, -600.00, 0.00)

Key: (-300.00, -600.00, 0.00)
   Value: (-200.00, -600.00, 0.00)
   Value: (-400.00, -600.00, 0.00)
   Value: (-300.00, -500.00, 0.00)
   Value: (-300.00, -700.00, 0.00)
   Value: (-400.00, -700.00, 0.00)
   Value: (-400.00, -500.00, 0.00)
   Value: (-200.00, -700.00, 0.00)
   Value: (-200.00, -500.00, 0.00)

Key: (-300.00, -500.00, 0.00)
   Value: (-200.00, -500.00, 0.00)
   Value: (-400.00, -500.00, 0.00)
   Value: (-300.00, -400.00, 0.00)
   Value: (-300.00, -600.00, 0.00)
   Value: (-400.00, -600.00, 0.00)
   Value: (-400.00, -400.00, 0.00)
   Value: (-200.00, -600.00, 0.00)
   Value: (-200.00, -400.00, 0.00)

Key: (-300.00, -400.00, 0.00)
   Value: (-200.00, -400.00, 0.00)
   Value: (-400.00, -400.00, 0.00)
   Value: (-300.00, -300.00, 0.00)
   Value: (-300.00, -500.00, 0.00)
   Value: (-400.00, -500.00, 0.00)
   Value: (-400.00, -300.00, 0.00)
   Value: (-200.00, -500.00, 0.00)
   Value: (-200.00, -300.00, 0.00)

Key: (-300.00, -300.00, 0.00)
   Value: (-200.00, -300.00, 0.00)
   Value: (-400.00, -300.00, 0.00)
   Value: (-300.00, -200.00, 0.00)
   Value: (-300.00, -400.00, 0.00)
   Value: (-400.00, -400.00, 0.00)
   Value: (-400.00, -200.00, 0.00)
   Value: (-200.00, -400.00, 0.00)
   Value: (-200.00, -200.00, 0.00)

Key: (-300.00, -200.00, 0.00)
   Value: (-200.00, -200.00, 0.00)
   Value: (-400.00, -200.00, 0.00)
   Value: (-300.00, -100.00, 0.00)
   Value: (-300.00, -300.00, 0.00)
   Value: (-400.00, -300.00, 0.00)
   Value: (-400.00, -100.00, 0.00)
   Value: (-200.00, -300.00, 0.00)
   Value: (-200.00, -100.00, 0.00)

Key: (-300.00, -100.00, 0.00)
   Value: (-200.00, -100.00, 0.00)
   Value: (-400.00, -100.00, 0.00)
   Value: (-300.00, 0.00, 0.00)
   Value: (-300.00, -200.00, 0.00)
   Value: (-400.00, -200.00, 0.00)
   Value: (-400.00, 0.00, 0.00)
   Value: (-200.00, -200.00, 0.00)
   Value: (-200.00, 0.00, 0.00)

Key: (-300.00, 0.00, 0.00)
   Value: (-200.00, 0.00, 0.00)
   Value: (-400.00, 0.00, 0.00)
   Value: (-300.00, 100.00, 0.00)
   Value: (-300.00, -100.00, 0.00)
   Value: (-400.00, -100.00, 0.00)
   Value: (-400.00, 100.00, 0.00)
   Value: (-200.00, -100.00, 0.00)
   Value: (-200.00, 100.00, 0.00)

Key: (-300.00, 100.00, 0.00)
   Value: (-200.00, 100.00, 0.00)
   Value: (-400.00, 100.00, 0.00)
   Value: (-300.00, 200.00, 0.00)
   Value: (-300.00, 0.00, 0.00)
   Value: (-400.00, 0.00, 0.00)
   Value: (-400.00, 200.00, 0.00)
   Value: (-200.00, 0.00, 0.00)
   Value: (-200.00, 200.00, 0.00)

Key: (-300.00, 200.00, 0.00)
   Value: (-200.00, 200.00, 0.00)
   Value: (-400.00, 200.00, 0.00)
   Value: (-300.00, 300.00, 0.00)
   Value: (-300.00, 100.00, 0.00)
   Value: (-400.00, 100.00, 0.00)
   Value: (-400.00, 300.00, 0.00)
   Value: (-200.00, 100.00, 0.00)
   Value: (-200.00, 300.00, 0.00)

Key: (-300.00, 300.00, 0.00)
   Value: (-200.00, 300.00, 0.00)
   Value: (-400.00, 300.00, 0.00)
   Value: (-300.00, 400.00, 0.00)
   Value: (-300.00, 200.00, 0.00)
   Value: (-400.00, 200.00, 0.00)
   Value: (-400.00, 400.00, 0.00)
   Value: (-200.00, 200.00, 0.00)
   Value: (-200.00, 400.00, 0.00)

Key: (-300.00, 400.00, 0.00)
   Value: (-200.00, 400.00, 0.00)
   Value: (-400.00, 400.00, 0.00)
   Value: (-300.00, 500.00, 0.00)
   Value: (-300.00, 300.00, 0.00)
   Value: (-400.00, 300.00, 0.00)
   Value: (-400.00, 500.00, 0.00)
   Value: (-200.00, 300.00, 0.00)
   Value: (-200.00, 500.00, 0.00)

Key: (-300.00, 500.00, 0.00)
   Value: (-200.00, 500.00, 0.00)
   Value: (-400.00, 500.00, 0.00)
   Value: (-300.00, 600.00, 0.00)
   Value: (-300.00, 400.00, 0.00)
   Value: (-400.00, 400.00, 0.00)
   Value: (-400.00, 600.00, 0.00)
   Value: (-200.00, 400.00, 0.00)
   Value: (-200.00, 600.00, 0.00)

Key: (-300.00, 600.00, 0.00)
   Value: (-200.00, 600.00, 0.00)
   Value: (-400.00, 600.00, 0.00)
   Value: (-300.00, 700.00, 0.00)
   Value: (-300.00, 500.00, 0.00)
   Value: (-400.00, 500.00, 0.00)
   Value: (-400.00, 700.00, 0.00)
   Value: (-200.00, 500.00, 0.00)
   Value: (-200.00, 700.00, 0.00)

Key: (-300.00, 700.00, 0.00)
   Value: (-200.00, 700.00, 0.00)
   Value: (-400.00, 700.00, 0.00)
   Value: (-300.00, 800.00, 0.00)
   Value: (-300.00, 600.00, 0.00)
   Value: (-400.00, 600.00, 0.00)
   Value: (-400.00, 800.00, 0.00)
   Value: (-200.00, 600.00, 0.00)
   Value: (-200.00, 800.00, 0.00)

Key: (-300.00, 800.00, 0.00)
   Value: (-200.00, 800.00, 0.00)
   Value: (-400.00, 800.00, 0.00)
   Value: (-300.00, 900.00, 0.00)
   Value: (-300.00, 700.00, 0.00)
   Value: (-400.00, 700.00, 0.00)
   Value: (-400.00, 900.00, 0.00)
   Value: (-200.00, 700.00, 0.00)
   Value: (-200.00, 900.00, 0.00)

Key: (-300.00, 900.00, 0.00)
   Value: (-200.00, 900.00, 0.00)
   Value: (-400.00, 900.00, 0.00)
   Value: (-300.00, 1000.00, 0.00)
   Value: (-300.00, 800.00, 0.00)
   Value: (-400.00, 800.00, 0.00)
   Value: (-400.00, 1000.00, 0.00)
   Value: (-200.00, 800.00, 0.00)
   Value: (-200.00, 1000.00, 0.00)

Key: (-300.00, 1000.00, 0.00)
   Value: (-200.00, 1000.00, 0.00)
   Value: (-400.00, 1000.00, 0.00)
   Value: (-300.00, 900.00, 0.00)
   Value: (-400.00, 900.00, 0.00)
   Value: (-200.00, 900.00, 0.00)

Key: (-200.00, -1000.00, 0.00)
   Value: (-100.00, -1000.00, 0.00)
   Value: (-300.00, -1000.00, 0.00)
   Value: (-200.00, -900.00, 0.00)
   Value: (-300.00, -900.00, 0.00)
   Value: (-100.00, -900.00, 0.00)

Key: (-200.00, -900.00, 0.00)
   Value: (-100.00, -900.00, 0.00)
   Value: (-300.00, -900.00, 0.00)
   Value: (-200.00, -800.00, 0.00)
   Value: (-200.00, -1000.00, 0.00)
   Value: (-300.00, -1000.00, 0.00)
   Value: (-300.00, -800.00, 0.00)
   Value: (-100.00, -1000.00, 0.00)
   Value: (-100.00, -800.00, 0.00)

Key: (-200.00, -800.00, 0.00)
   Value: (-100.00, -800.00, 0.00)
   Value: (-300.00, -800.00, 0.00)
   Value: (-200.00, -700.00, 0.00)
   Value: (-200.00, -900.00, 0.00)
   Value: (-300.00, -900.00, 0.00)
   Value: (-300.00, -700.00, 0.00)
   Value: (-100.00, -900.00, 0.00)
   Value: (-100.00, -700.00, 0.00)

Key: (-200.00, -700.00, 0.00)
   Value: (-100.00, -700.00, 0.00)
   Value: (-300.00, -700.00, 0.00)
   Value: (-200.00, -600.00, 0.00)
   Value: (-200.00, -800.00, 0.00)
   Value: (-300.00, -800.00, 0.00)
   Value: (-300.00, -600.00, 0.00)
   Value: (-100.00, -800.00, 0.00)
   Value: (-100.00, -600.00, 0.00)

Key: (-200.00, -600.00, 0.00)
   Value: (-100.00, -600.00, 0.00)
   Value: (-300.00, -600.00, 0.00)
   Value: (-200.00, -500.00, 0.00)
   Value: (-200.00, -700.00, 0.00)
   Value: (-300.00, -700.00, 0.00)
   Value: (-300.00, -500.00, 0.00)
   Value: (-100.00, -700.00, 0.00)
   Value: (-100.00, -500.00, 0.00)

Key: (-200.00, -500.00, 0.00)
   Value: (-100.00, -500.00, 0.00)
   Value: (-300.00, -500.00, 0.00)
   Value: (-200.00, -400.00, 0.00)
   Value: (-200.00, -600.00, 0.00)
   Value: (-300.00, -600.00, 0.00)
   Value: (-300.00, -400.00, 0.00)
   Value: (-100.00, -600.00, 0.00)
   Value: (-100.00, -400.00, 0.00)

Key: (-200.00, -400.00, 0.00)
   Value: (-100.00, -400.00, 0.00)
   Value: (-300.00, -400.00, 0.00)
   Value: (-200.00, -300.00, 0.00)
   Value: (-200.00, -500.00, 0.00)
   Value: (-300.00, -500.00, 0.00)
   Value: (-300.00, -300.00, 0.00)
   Value: (-100.00, -500.00, 0.00)
   Value: (-100.00, -300.00, 0.00)

Key: (-200.00, -300.00, 0.00)
   Value: (-100.00, -300.00, 0.00)
   Value: (-300.00, -300.00, 0.00)
   Value: (-200.00, -200.00, 0.00)
   Value: (-200.00, -400.00, 0.00)
   Value: (-300.00, -400.00, 0.00)
   Value: (-300.00, -200.00, 0.00)
   Value: (-100.00, -400.00, 0.00)
   Value: (-100.00, -200.00, 0.00)

Key: (-200.00, -200.00, 0.00)
   Value: (-100.00, -200.00, 0.00)
   Value: (-300.00, -200.00, 0.00)
   Value: (-200.00, -100.00, 0.00)
   Value: (-200.00, -300.00, 0.00)
   Value: (-300.00, -300.00, 0.00)
   Value: (-300.00, -100.00, 0.00)
   Value: (-100.00, -300.00, 0.00)
   Value: (-100.00, -100.00, 0.00)

Key: (-200.00, -100.00, 0.00)
   Value: (-100.00, -100.00, 0.00)
   Value: (-300.00, -100.00, 0.00)
   Value: (-200.00, 0.00, 0.00)
   Value: (-200.00, -200.00, 0.00)
   Value: (-300.00, -200.00, 0.00)
   Value: (-300.00, 0.00, 0.00)
   Value: (-100.00, -200.00, 0.00)
   Value: (-100.00, 0.00, 0.00)

Key: (-200.00, 0.00, 0.00)
   Value: (-100.00, 0.00, 0.00)
   Value: (-300.00, 0.00, 0.00)
   Value: (-200.00, 100.00, 0.00)
   Value: (-200.00, -100.00, 0.00)
   Value: (-300.00, -100.00, 0.00)
   Value: (-300.00, 100.00, 0.00)
   Value: (-100.00, -100.00, 0.00)
   Value: (-100.00, 100.00, 0.00)

Key: (-200.00, 100.00, 0.00)
   Value: (-100.00, 100.00, 0.00)
   Value: (-300.00, 100.00, 0.00)
   Value: (-200.00, 200.00, 0.00)
   Value: (-200.00, 0.00, 0.00)
   Value: (-300.00, 0.00, 0.00)
   Value: (-300.00, 200.00, 0.00)
   Value: (-100.00, 0.00, 0.00)
   Value: (-100.00, 200.00, 0.00)

Key: (-200.00, 200.00, 0.00)
   Value: (-100.00, 200.00, 0.00)
   Value: (-300.00, 200.00, 0.00)
   Value: (-200.00, 300.00, 0.00)
   Value: (-200.00, 100.00, 0.00)
   Value: (-300.00, 100.00, 0.00)
   Value: (-300.00, 300.00, 0.00)
   Value: (-100.00, 100.00, 0.00)
   Value: (-100.00, 300.00, 0.00)

Key: (-200.00, 300.00, 0.00)
   Value: (-100.00, 300.00, 0.00)
   Value: (-300.00, 300.00, 0.00)
   Value: (-200.00, 400.00, 0.00)
   Value: (-200.00, 200.00, 0.00)
   Value: (-300.00, 200.00, 0.00)
   Value: (-300.00, 400.00, 0.00)
   Value: (-100.00, 200.00, 0.00)
   Value: (-100.00, 400.00, 0.00)

Key: (-200.00, 400.00, 0.00)
   Value: (-100.00, 400.00, 0.00)
   Value: (-300.00, 400.00, 0.00)
   Value: (-200.00, 500.00, 0.00)
   Value: (-200.00, 300.00, 0.00)
   Value: (-300.00, 300.00, 0.00)
   Value: (-300.00, 500.00, 0.00)
   Value: (-100.00, 300.00, 0.00)
   Value: (-100.00, 500.00, 0.00)

Key: (-200.00, 500.00, 0.00)
   Value: (-100.00, 500.00, 0.00)
   Value: (-300.00, 500.00, 0.00)
   Value: (-200.00, 600.00, 0.00)
   Value: (-200.00, 400.00, 0.00)
   Value: (-300.00, 400.00, 0.00)
   Value: (-300.00, 600.00, 0.00)
   Value: (-100.00, 400.00, 0.00)
   Value: (-100.00, 600.00, 0.00)

Key: (-200.00, 600.00, 0.00)
   Value: (-100.00, 600.00, 0.00)
   Value: (-300.00, 600.00, 0.00)
   Value: (-200.00, 700.00, 0.00)
   Value: (-200.00, 500.00, 0.00)
   Value: (-300.00, 500.00, 0.00)
   Value: (-300.00, 700.00, 0.00)
   Value: (-100.00, 500.00, 0.00)
   Value: (-100.00, 700.00, 0.00)

Key: (-200.00, 700.00, 0.00)
   Value: (-100.00, 700.00, 0.00)
   Value: (-300.00, 700.00, 0.00)
   Value: (-200.00, 800.00, 0.00)
   Value: (-200.00, 600.00, 0.00)
   Value: (-300.00, 600.00, 0.00)
   Value: (-300.00, 800.00, 0.00)
   Value: (-100.00, 600.00, 0.00)
   Value: (-100.00, 800.00, 0.00)

Key: (-200.00, 800.00, 0.00)
   Value: (-100.00, 800.00, 0.00)
   Value: (-300.00, 800.00, 0.00)
   Value: (-200.00, 900.00, 0.00)
   Value: (-200.00, 700.00, 0.00)
   Value: (-300.00, 700.00, 0.00)
   Value: (-300.00, 900.00, 0.00)
   Value: (-100.00, 700.00, 0.00)
   Value: (-100.00, 900.00, 0.00)

Key: (-200.00, 900.00, 0.00)
   Value: (-100.00, 900.00, 0.00)
   Value: (-300.00, 900.00, 0.00)
   Value: (-200.00, 1000.00, 0.00)
   Value: (-200.00, 800.00, 0.00)
   Value: (-300.00, 800.00, 0.00)
   Value: (-300.00, 1000.00, 0.00)
   Value: (-100.00, 800.00, 0.00)
   Value: (-100.00, 1000.00, 0.00)

Key: (-200.00, 1000.00, 0.00)
   Value: (-100.00, 1000.00, 0.00)
   Value: (-300.00, 1000.00, 0.00)
   Value: (-200.00, 900.00, 0.00)
   Value: (-300.00, 900.00, 0.00)
   Value: (-100.00, 900.00, 0.00)

Key: (-100.00, -1000.00, 0.00)
   Value: (0.00, -1000.00, 0.00)
   Value: (-200.00, -1000.00, 0.00)
   Value: (-100.00, -900.00, 0.00)
   Value: (-200.00, -900.00, 0.00)
   Value: (0.00, -900.00, 0.00)

Key: (-100.00, -900.00, 0.00)
   Value: (0.00, -900.00, 0.00)
   Value: (-200.00, -900.00, 0.00)
   Value: (-100.00, -800.00, 0.00)
   Value: (-100.00, -1000.00, 0.00)
   Value: (-200.00, -1000.00, 0.00)
   Value: (-200.00, -800.00, 0.00)
   Value: (0.00, -1000.00, 0.00)
   Value: (0.00, -800.00, 0.00)

Key: (-100.00, -800.00, 0.00)
   Value: (0.00, -800.00, 0.00)
   Value: (-200.00, -800.00, 0.00)
   Value: (-100.00, -700.00, 0.00)
   Value: (-100.00, -900.00, 0.00)
   Value: (-200.00, -900.00, 0.00)
   Value: (-200.00, -700.00, 0.00)
   Value: (0.00, -900.00, 0.00)
   Value: (0.00, -700.00, 0.00)

Key: (-100.00, -700.00, 0.00)
   Value: (0.00, -700.00, 0.00)
   Value: (-200.00, -700.00, 0.00)
   Value: (-100.00, -600.00, 0.00)
   Value: (-100.00, -800.00, 0.00)
   Value: (-200.00, -800.00, 0.00)
   Value: (-200.00, -600.00, 0.00)
   Value: (0.00, -800.00, 0.00)
   Value: (0.00, -600.00, 0.00)

Key: (-100.00, -600.00, 0.00)
   Value: (0.00, -600.00, 0.00)
   Value: (-200.00, -600.00, 0.00)
   Value: (-100.00, -500.00, 0.00)
   Value: (-100.00, -700.00, 0.00)
   Value: (-200.00, -700.00, 0.00)
   Value: (-200.00, -500.00, 0.00)
   Value: (0.00, -700.00, 0.00)
   Value: (0.00, -500.00, 0.00)

Key: (-100.00, -500.00, 0.00)
   Value: (0.00, -500.00, 0.00)
   Value: (-200.00, -500.00, 0.00)
   Value: (-100.00, -400.00, 0.00)
   Value: (-100.00, -600.00, 0.00)
   Value: (-200.00, -600.00, 0.00)
   Value: (-200.00, -400.00, 0.00)
   Value: (0.00, -600.00, 0.00)
   Value: (0.00, -400.00, 0.00)

Key: (-100.00, -400.00, 0.00)
   Value: (0.00, -400.00, 0.00)
   Value: (-200.00, -400.00, 0.00)
   Value: (-100.00, -300.00, 0.00)
   Value: (-100.00, -500.00, 0.00)
   Value: (-200.00, -500.00, 0.00)
   Value: (-200.00, -300.00, 0.00)
   Value: (0.00, -500.00, 0.00)
   Value: (0.00, -300.00, 0.00)

Key: (-100.00, -300.00, 0.00)
   Value: (0.00, -300.00, 0.00)
   Value: (-200.00, -300.00, 0.00)
   Value: (-100.00, -200.00, 0.00)
   Value: (-100.00, -400.00, 0.00)
   Value: (-200.00, -400.00, 0.00)
   Value: (-200.00, -200.00, 0.00)
   Value: (0.00, -400.00, 0.00)
   Value: (0.00, -200.00, 0.00)

Key: (-100.00, -200.00, 0.00)
   Value: (0.00, -200.00, 0.00)
   Value: (-200.00, -200.00, 0.00)
   Value: (-100.00, -100.00, 0.00)
   Value: (-100.00, -300.00, 0.00)
   Value: (-200.00, -300.00, 0.00)
   Value: (-200.00, -100.00, 0.00)
   Value: (0.00, -300.00, 0.00)
   Value: (0.00, -100.00, 0.00)

Key: (-100.00, -100.00, 0.00)
   Value: (0.00, -100.00, 0.00)
   Value: (-200.00, -100.00, 0.00)
   Value: (-100.00, 0.00, 0.00)
   Value: (-100.00, -200.00, 0.00)
   Value: (-200.00, -200.00, 0.00)
   Value: (-200.00, 0.00, 0.00)
   Value: (0.00, -200.00, 0.00)
   Value: (0.00, 0.00, 0.00)

Key: (-100.00, 0.00, 0.00)
   Value: (0.00, 0.00, 0.00)
   Value: (-200.00, 0.00, 0.00)
   Value: (-100.00, 100.00, 0.00)
   Value: (-100.00, -100.00, 0.00)
   Value: (-200.00, -100.00, 0.00)
   Value: (-200.00, 100.00, 0.00)
   Value: (0.00, -100.00, 0.00)
   Value: (0.00, 100.00, 0.00)

Key: (-100.00, 100.00, 0.00)
   Value: (0.00, 100.00, 0.00)
   Value: (-200.00, 100.00, 0.00)
   Value: (-100.00, 200.00, 0.00)
   Value: (-100.00, 0.00, 0.00)
   Value: (-200.00, 0.00, 0.00)
   Value: (-200.00, 200.00, 0.00)
   Value: (0.00, 0.00, 0.00)
   Value: (0.00, 200.00, 0.00)

Key: (-100.00, 200.00, 0.00)
   Value: (0.00, 200.00, 0.00)
   Value: (-200.00, 200.00, 0.00)
   Value: (-100.00, 300.00, 0.00)
   Value: (-100.00, 100.00, 0.00)
   Value: (-200.00, 100.00, 0.00)
   Value: (-200.00, 300.00, 0.00)
   Value: (0.00, 100.00, 0.00)
   Value: (0.00, 300.00, 0.00)

Key: (-100.00, 300.00, 0.00)
   Value: (0.00, 300.00, 0.00)
   Value: (-200.00, 300.00, 0.00)
   Value: (-100.00, 400.00, 0.00)
   Value: (-100.00, 200.00, 0.00)
   Value: (-200.00, 200.00, 0.00)
   Value: (-200.00, 400.00, 0.00)
   Value: (0.00, 200.00, 0.00)
   Value: (0.00, 400.00, 0.00)

Key: (-100.00, 400.00, 0.00)
   Value: (0.00, 400.00, 0.00)
   Value: (-200.00, 400.00, 0.00)
   Value: (-100.00, 500.00, 0.00)
   Value: (-100.00, 300.00, 0.00)
   Value: (-200.00, 300.00, 0.00)
   Value: (-200.00, 500.00, 0.00)
   Value: (0.00, 300.00, 0.00)
   Value: (0.00, 500.00, 0.00)

Key: (-100.00, 500.00, 0.00)
   Value: (0.00, 500.00, 0.00)
   Value: (-200.00, 500.00, 0.00)
   Value: (-100.00, 600.00, 0.00)
   Value: (-100.00, 400.00, 0.00)
   Value: (-200.00, 400.00, 0.00)
   Value: (-200.00, 600.00, 0.00)
   Value: (0.00, 400.00, 0.00)
   Value: (0.00, 600.00, 0.00)

Key: (-100.00, 600.00, 0.00)
   Value: (0.00, 600.00, 0.00)
   Value: (-200.00, 600.00, 0.00)
   Value: (-100.00, 700.00, 0.00)
   Value: (-100.00, 500.00, 0.00)
   Value: (-200.00, 500.00, 0.00)
   Value: (-200.00, 700.00, 0.00)
   Value: (0.00, 500.00, 0.00)
   Value: (0.00, 700.00, 0.00)

Key: (-100.00, 700.00, 0.00)
   Value: (0.00, 700.00, 0.00)
   Value: (-200.00, 700.00, 0.00)
   Value: (-100.00, 800.00, 0.00)
   Value: (-100.00, 600.00, 0.00)
   Value: (-200.00, 600.00, 0.00)
   Value: (-200.00, 800.00, 0.00)
   Value: (0.00, 600.00, 0.00)
   Value: (0.00, 800.00, 0.00)

Key: (-100.00, 800.00, 0.00)
   Value: (0.00, 800.00, 0.00)
   Value: (-200.00, 800.00, 0.00)
   Value: (-100.00, 900.00, 0.00)
   Value: (-100.00, 700.00, 0.00)
   Value: (-200.00, 700.00, 0.00)
   Value: (-200.00, 900.00, 0.00)
   Value: (0.00, 700.00, 0.00)
   Value: (0.00, 900.00, 0.00)

Key: (-100.00, 900.00, 0.00)
   Value: (0.00, 900.00, 0.00)
   Value: (-200.00, 900.00, 0.00)
   Value: (-100.00, 1000.00, 0.00)
   Value: (-100.00, 800.00, 0.00)
   Value: (-200.00, 800.00, 0.00)
   Value: (-200.00, 1000.00, 0.00)
   Value: (0.00, 800.00, 0.00)
   Value: (0.00, 1000.00, 0.00)

Key: (-100.00, 1000.00, 0.00)
   Value: (0.00, 1000.00, 0.00)
   Value: (-200.00, 1000.00, 0.00)
   Value: (-100.00, 900.00, 0.00)
   Value: (-200.00, 900.00, 0.00)
   Value: (0.00, 900.00, 0.00)

Key: (0.00, -1000.00, 0.00)
   Value: (100.00, -1000.00, 0.00)
   Value: (-100.00, -1000.00, 0.00)
   Value: (0.00, -900.00, 0.00)
   Value: (-100.00, -900.00, 0.00)
   Value: (100.00, -900.00, 0.00)

Key: (0.00, -900.00, 0.00)
   Value: (100.00, -900.00, 0.00)
   Value: (-100.00, -900.00, 0.00)
   Value: (0.00, -800.00, 0.00)
   Value: (0.00, -1000.00, 0.00)
   Value: (-100.00, -1000.00, 0.00)
   Value: (-100.00, -800.00, 0.00)
   Value: (100.00, -1000.00, 0.00)
   Value: (100.00, -800.00, 0.00)

Key: (0.00, -800.00, 0.00)
   Value: (100.00, -800.00, 0.00)
   Value: (-100.00, -800.00, 0.00)
   Value: (0.00, -700.00, 0.00)
   Value: (0.00, -900.00, 0.00)
   Value: (-100.00, -900.00, 0.00)
   Value: (-100.00, -700.00, 0.00)
   Value: (100.00, -900.00, 0.00)
   Value: (100.00, -700.00, 0.00)

Key: (0.00, -700.00, 0.00)
   Value: (100.00, -700.00, 0.00)
   Value: (-100.00, -700.00, 0.00)
   Value: (0.00, -600.00, 0.00)
   Value: (0.00, -800.00, 0.00)
   Value: (-100.00, -800.00, 0.00)
   Value: (-100.00, -600.00, 0.00)
   Value: (100.00, -800.00, 0.00)
   Value: (100.00, -600.00, 0.00)

Key: (0.00, -600.00, 0.00)
   Value: (100.00, -600.00, 0.00)
   Value: (-100.00, -600.00, 0.00)
   Value: (0.00, -500.00, 0.00)
   Value: (0.00, -700.00, 0.00)
   Value: (-100.00, -700.00, 0.00)
   Value: (-100.00, -500.00, 0.00)
   Value: (100.00, -700.00, 0.00)
   Value: (100.00, -500.00, 0.00)

Key: (0.00, -500.00, 0.00)
   Value: (100.00, -500.00, 0.00)
   Value: (-100.00, -500.00, 0.00)
   Value: (0.00, -400.00, 0.00)
   Value: (0.00, -600.00, 0.00)
   Value: (-100.00, -600.00, 0.00)
   Value: (-100.00, -400.00, 0.00)
   Value: (100.00, -600.00, 0.00)
   Value: (100.00, -400.00, 0.00)

Key: (0.00, -400.00, 0.00)
   Value: (100.00, -400.00, 0.00)
   Value: (-100.00, -400.00, 0.00)
   Value: (0.00, -300.00, 0.00)
   Value: (0.00, -500.00, 0.00)
   Value: (-100.00, -500.00, 0.00)
   Value: (-100.00, -300.00, 0.00)
   Value: (100.00, -500.00, 0.00)
   Value: (100.00, -300.00, 0.00)

Key: (0.00, -300.00, 0.00)
   Value: (100.00, -300.00, 0.00)
   Value: (-100.00, -300.00, 0.00)
   Value: (0.00, -200.00, 0.00)
   Value: (0.00, -400.00, 0.00)
   Value: (-100.00, -400.00, 0.00)
   Value: (-100.00, -200.00, 0.00)
   Value: (100.00, -400.00, 0.00)

Key: (0.00, -200.00, 0.00)
   Value: (-100.00, -200.00, 0.00)
   Value: (0.00, -100.00, 0.00)
   Value: (0.00, -300.00, 0.00)
   Value: (-100.00, -300.00, 0.00)
   Value: (-100.00, -100.00, 0.00)
   Value: (100.00, -300.00, 0.00)
   Value: (100.00, -100.00, 0.00)

Key: (0.00, -100.00, 0.00)
   Value: (100.00, -100.00, 0.00)
   Value: (-100.00, -100.00, 0.00)
   Value: (0.00, 0.00, 0.00)
   Value: (0.00, -200.00, 0.00)
   Value: (-100.00, -200.00, 0.00)
   Value: (-100.00, 0.00, 0.00)
   Value: (100.00, 0.00, 0.00)

Key: (0.00, 0.00, 0.00)
   Value: (100.00, 0.00, 0.00)
   Value: (-100.00, 0.00, 0.00)
   Value: (0.00, 100.00, 0.00)
   Value: (0.00, -100.00, 0.00)
   Value: (-100.00, -100.00, 0.00)
   Value: (-100.00, 100.00, 0.00)
   Value: (100.00, -100.00, 0.00)
   Value: (100.00, 100.00, 0.00)

Key: (0.00, 100.00, 0.00)
   Value: (100.00, 100.00, 0.00)
   Value: (-100.00, 100.00, 0.00)
   Value: (0.00, 200.00, 0.00)
   Value: (0.00, 0.00, 0.00)
   Value: (-100.00, 0.00, 0.00)
   Value: (-100.00, 200.00, 0.00)
   Value: (100.00, 0.00, 0.00)
   Value: (100.00, 200.00, 0.00)

Key: (0.00, 200.00, 0.00)
   Value: (100.00, 200.00, 0.00)
   Value: (-100.00, 200.00, 0.00)
   Value: (0.00, 300.00, 0.00)
   Value: (0.00, 100.00, 0.00)
   Value: (-100.00, 100.00, 0.00)
   Value: (-100.00, 300.00, 0.00)
   Value: (100.00, 100.00, 0.00)
   Value: (100.00, 300.00, 0.00)

Key: (0.00, 300.00, 0.00)
   Value: (100.00, 300.00, 0.00)
   Value: (-100.00, 300.00, 0.00)
   Value: (0.00, 400.00, 0.00)
   Value: (0.00, 200.00, 0.00)
   Value: (-100.00, 200.00, 0.00)
   Value: (-100.00, 400.00, 0.00)
   Value: (100.00, 200.00, 0.00)
   Value: (100.00, 400.00, 0.00)

Key: (0.00, 400.00, 0.00)
   Value: (100.00, 400.00, 0.00)
   Value: (-100.00, 400.00, 0.00)
   Value: (0.00, 500.00, 0.00)
   Value: (0.00, 300.00, 0.00)
   Value: (-100.00, 300.00, 0.00)
   Value: (-100.00, 500.00, 0.00)
   Value: (100.00, 300.00, 0.00)
   Value: (100.00, 500.00, 0.00)

Key: (0.00, 500.00, 0.00)
   Value: (100.00, 500.00, 0.00)
   Value: (-100.00, 500.00, 0.00)
   Value: (0.00, 600.00, 0.00)
   Value: (0.00, 400.00, 0.00)
   Value: (-100.00, 400.00, 0.00)
   Value: (-100.00, 600.00, 0.00)
   Value: (100.00, 400.00, 0.00)
   Value: (100.00, 600.00, 0.00)

Key: (0.00, 600.00, 0.00)
   Value: (100.00, 600.00, 0.00)
   Value: (-100.00, 600.00, 0.00)
   Value: (0.00, 700.00, 0.00)
   Value: (0.00, 500.00, 0.00)
   Value: (-100.00, 500.00, 0.00)
   Value: (-100.00, 700.00, 0.00)
   Value: (100.00, 500.00, 0.00)
   Value: (100.00, 700.00, 0.00)

Key: (0.00, 700.00, 0.00)
   Value: (100.00, 700.00, 0.00)
   Value: (-100.00, 700.00, 0.00)
   Value: (0.00, 800.00, 0.00)
   Value: (0.00, 600.00, 0.00)
   Value: (-100.00, 600.00, 0.00)
   Value: (-100.00, 800.00, 0.00)
   Value: (100.00, 600.00, 0.00)
   Value: (100.00, 800.00, 0.00)

Key: (0.00, 800.00, 0.00)
   Value: (100.00, 800.00, 0.00)
   Value: (-100.00, 800.00, 0.00)
   Value: (0.00, 900.00, 0.00)
   Value: (0.00, 700.00, 0.00)
   Value: (-100.00, 700.00, 0.00)
   Value: (-100.00, 900.00, 0.00)
   Value: (100.00, 700.00, 0.00)
   Value: (100.00, 900.00, 0.00)

Key: (0.00, 900.00, 0.00)
   Value: (100.00, 900.00, 0.00)
   Value: (-100.00, 900.00, 0.00)
   Value: (0.00, 1000.00, 0.00)
   Value: (0.00, 800.00, 0.00)
   Value: (-100.00, 800.00, 0.00)
   Value: (-100.00, 1000.00, 0.00)
   Value: (100.00, 800.00, 0.00)
   Value: (100.00, 1000.00, 0.00)

Key: (0.00, 1000.00, 0.00)
   Value: (100.00, 1000.00, 0.00)
   Value: (-100.00, 1000.00, 0.00)
   Value: (0.00, 900.00, 0.00)
   Value: (-100.00, 900.00, 0.00)
   Value: (100.00, 900.00, 0.00)

Key: (100.00, -1000.00, 0.00)
   Value: (200.00, -1000.00, 0.00)
   Value: (0.00, -1000.00, 0.00)
   Value: (100.00, -900.00, 0.00)
   Value: (0.00, -900.00, 0.00)
   Value: (200.00, -900.00, 0.00)

Key: (100.00, -900.00, 0.00)
   Value: (200.00, -900.00, 0.00)
   Value: (0.00, -900.00, 0.00)
   Value: (100.00, -800.00, 0.00)
   Value: (100.00, -1000.00, 0.00)
   Value: (0.00, -1000.00, 0.00)
   Value: (0.00, -800.00, 0.00)
   Value: (200.00, -1000.00, 0.00)
   Value: (200.00, -800.00, 0.00)

Key: (100.00, -800.00, 0.00)
   Value: (200.00, -800.00, 0.00)
   Value: (0.00, -800.00, 0.00)
   Value: (100.00, -700.00, 0.00)
   Value: (100.00, -900.00, 0.00)
   Value: (0.00, -900.00, 0.00)
   Value: (0.00, -700.00, 0.00)
   Value: (200.00, -900.00, 0.00)
   Value: (200.00, -700.00, 0.00)

Key: (100.00, -700.00, 0.00)
   Value: (200.00, -700.00, 0.00)
   Value: (0.00, -700.00, 0.00)
   Value: (100.00, -600.00, 0.00)
   Value: (100.00, -800.00, 0.00)
   Value: (0.00, -800.00, 0.00)
   Value: (0.00, -600.00, 0.00)
   Value: (200.00, -800.00, 0.00)
   Value: (200.00, -600.00, 0.00)

Key: (100.00, -600.00, 0.00)
   Value: (200.00, -600.00, 0.00)
   Value: (0.00, -600.00, 0.00)
   Value: (100.00, -500.00, 0.00)
   Value: (100.00, -700.00, 0.00)
   Value: (0.00, -700.00, 0.00)
   Value: (0.00, -500.00, 0.00)
   Value: (200.00, -700.00, 0.00)
   Value: (200.00, -500.00, 0.00)

Key: (100.00, -500.00, 0.00)
   Value: (200.00, -500.00, 0.00)
   Value: (0.00, -500.00, 0.00)
   Value: (100.00, -400.00, 0.00)
   Value: (100.00, -600.00, 0.00)
   Value: (0.00, -600.00, 0.00)
   Value: (0.00, -400.00, 0.00)
   Value: (200.00, -600.00, 0.00)
   Value: (200.00, -400.00, 0.00)

Key: (100.00, -400.00, 0.00)
   Value: (200.00, -400.00, 0.00)
   Value: (0.00, -400.00, 0.00)
   Value: (100.00, -300.00, 0.00)
   Value: (100.00, -500.00, 0.00)
   Value: (0.00, -500.00, 0.00)
   Value: (0.00, -300.00, 0.00)
   Value: (200.00, -500.00, 0.00)
   Value: (200.00, -300.00, 0.00)

Key: (100.00, -300.00, 0.00)
   Value: (200.00, -300.00, 0.00)
   Value: (0.00, -300.00, 0.00)
   Value: (100.00, -400.00, 0.00)
   Value: (0.00, -400.00, 0.00)
   Value: (0.00, -200.00, 0.00)
   Value: (200.00, -400.00, 0.00)

Key: (100.00, -100.00, 0.00)
   Value: (200.00, -100.00, 0.00)
   Value: (0.00, -100.00, 0.00)
   Value: (100.00, 0.00, 0.00)
   Value: (0.00, -200.00, 0.00)
   Value: (0.00, 0.00, 0.00)
   Value: (200.00, 0.00, 0.00)

Key: (100.00, 0.00, 0.00)
   Value: (200.00, 0.00, 0.00)
   Value: (0.00, 0.00, 0.00)
   Value: (100.00, 100.00, 0.00)
   Value: (100.00, -100.00, 0.00)
   Value: (0.00, -100.00, 0.00)
   Value: (0.00, 100.00, 0.00)
   Value: (200.00, -100.00, 0.00)
   Value: (200.00, 100.00, 0.00)

Key: (100.00, 100.00, 0.00)
   Value: (200.00, 100.00, 0.00)
   Value: (0.00, 100.00, 0.00)
   Value: (100.00, 200.00, 0.00)
   Value: (100.00, 0.00, 0.00)
   Value: (0.00, 0.00, 0.00)
   Value: (0.00, 200.00, 0.00)
   Value: (200.00, 0.00, 0.00)
   Value: (200.00, 200.00, 0.00)

Key: (100.00, 200.00, 0.00)
   Value: (200.00, 200.00, 0.00)
   Value: (0.00, 200.00, 0.00)
   Value: (100.00, 300.00, 0.00)
   Value: (100.00, 100.00, 0.00)
   Value: (0.00, 100.00, 0.00)
   Value: (0.00, 300.00, 0.00)
   Value: (200.00, 100.00, 0.00)
   Value: (200.00, 300.00, 0.00)

Key: (100.00, 300.00, 0.00)
   Value: (200.00, 300.00, 0.00)
   Value: (0.00, 300.00, 0.00)
   Value: (100.00, 400.00, 0.00)
   Value: (100.00, 200.00, 0.00)
   Value: (0.00, 200.00, 0.00)
   Value: (0.00, 400.00, 0.00)
   Value: (200.00, 200.00, 0.00)
   Value: (200.00, 400.00, 0.00)

Key: (100.00, 400.00, 0.00)
   Value: (200.00, 400.00, 0.00)
   Value: (0.00, 400.00, 0.00)
   Value: (100.00, 500.00, 0.00)
   Value: (100.00, 300.00, 0.00)
   Value: (0.00, 300.00, 0.00)
   Value: (0.00, 500.00, 0.00)
   Value: (200.00, 300.00, 0.00)
   Value: (200.00, 500.00, 0.00)

Key: (100.00, 500.00, 0.00)
   Value: (200.00, 500.00, 0.00)
   Value: (0.00, 500.00, 0.00)
   Value: (100.00, 600.00, 0.00)
   Value: (100.00, 400.00, 0.00)
   Value: (0.00, 400.00, 0.00)
   Value: (0.00, 600.00, 0.00)
   Value: (200.00, 400.00, 0.00)
   Value: (200.00, 600.00, 0.00)

Key: (100.00, 600.00, 0.00)
   Value: (200.00, 600.00, 0.00)
   Value: (0.00, 600.00, 0.00)
   Value: (100.00, 700.00, 0.00)
   Value: (100.00, 500.00, 0.00)
   Value: (0.00, 500.00, 0.00)
   Value: (0.00, 700.00, 0.00)
   Value: (200.00, 500.00, 0.00)
   Value: (200.00, 700.00, 0.00)

Key: (100.00, 700.00, 0.00)
   Value: (200.00, 700.00, 0.00)
   Value: (0.00, 700.00, 0.00)
   Value: (100.00, 800.00, 0.00)
   Value: (100.00, 600.00, 0.00)
   Value: (0.00, 600.00, 0.00)
   Value: (0.00, 800.00, 0.00)
   Value: (200.00, 600.00, 0.00)
   Value: (200.00, 800.00, 0.00)

Key: (100.00, 800.00, 0.00)
   Value: (200.00, 800.00, 0.00)
   Value: (0.00, 800.00, 0.00)
   Value: (100.00, 900.00, 0.00)
   Value: (100.00, 700.00, 0.00)
   Value: (0.00, 700.00, 0.00)
   Value: (0.00, 900.00, 0.00)
   Value: (200.00, 700.00, 0.00)
   Value: (200.00, 900.00, 0.00)

Key: (100.00, 900.00, 0.00)
   Value: (200.00, 900.00, 0.00)
   Value: (0.00, 900.00, 0.00)
   Value: (100.00, 1000.00, 0.00)
   Value: (100.00, 800.00, 0.00)
   Value: (0.00, 800.00, 0.00)
   Value: (0.00, 1000.00, 0.00)
   Value: (200.00, 800.00, 0.00)
   Value: (200.00, 1000.00, 0.00)

Key: (100.00, 1000.00, 0.00)
   Value: (200.00, 1000.00, 0.00)
   Value: (0.00, 1000.00, 0.00)
   Value: (100.00, 900.00, 0.00)
   Value: (0.00, 900.00, 0.00)
   Value: (200.00, 900.00, 0.00)

Key: (200.00, -1000.00, 0.00)
   Value: (300.00, -1000.00, 0.00)
   Value: (100.00, -1000.00, 0.00)
   Value: (200.00, -900.00, 0.00)
   Value: (100.00, -900.00, 0.00)
   Value: (300.00, -900.00, 0.00)

Key: (200.00, -900.00, 0.00)
   Value: (300.00, -900.00, 0.00)
   Value: (100.00, -900.00, 0.00)
   Value: (200.00, -800.00, 0.00)
   Value: (200.00, -1000.00, 0.00)
   Value: (100.00, -1000.00, 0.00)
   Value: (100.00, -800.00, 0.00)
   Value: (300.00, -1000.00, 0.00)
   Value: (300.00, -800.00, 0.00)

Key: (200.00, -800.00, 0.00)
   Value: (300.00, -800.00, 0.00)
   Value: (100.00, -800.00, 0.00)
   Value: (200.00, -700.00, 0.00)
   Value: (200.00, -900.00, 0.00)
   Value: (100.00, -900.00, 0.00)
   Value: (100.00, -700.00, 0.00)
   Value: (300.00, -900.00, 0.00)
   Value: (300.00, -700.00, 0.00)

Key: (200.00, -700.00, 0.00)
   Value: (300.00, -700.00, 0.00)
   Value: (100.00, -700.00, 0.00)
   Value: (200.00, -600.00, 0.00)
   Value: (200.00, -800.00, 0.00)
   Value: (100.00, -800.00, 0.00)
   Value: (100.00, -600.00, 0.00)
   Value: (300.00, -800.00, 0.00)
   Value: (300.00, -600.00, 0.00)

Key: (200.00, -600.00, 0.00)
   Value: (300.00, -600.00, 0.00)
   Value: (100.00, -600.00, 0.00)
   Value: (200.00, -500.00, 0.00)
   Value: (200.00, -700.00, 0.00)
   Value: (100.00, -700.00, 0.00)
   Value: (100.00, -500.00, 0.00)
   Value: (300.00, -700.00, 0.00)
   Value: (300.00, -500.00, 0.00)

Key: (200.00, -500.00, 0.00)
   Value: (300.00, -500.00, 0.00)
   Value: (100.00, -500.00, 0.00)
   Value: (200.00, -400.00, 0.00)
   Value: (200.00, -600.00, 0.00)
   Value: (100.00, -600.00, 0.00)
   Value: (100.00, -400.00, 0.00)
   Value: (300.00, -600.00, 0.00)
   Value: (300.00, -400.00, 0.00)

Key: (200.00, -400.00, 0.00)
   Value: (300.00, -400.00, 0.00)
   Value: (100.00, -400.00, 0.00)
   Value: (200.00, -300.00, 0.00)
   Value: (200.00, -500.00, 0.00)
   Value: (100.00, -500.00, 0.00)
   Value: (100.00, -300.00, 0.00)
   Value: (300.00, -500.00, 0.00)
   Value: (300.00, -300.00, 0.00)

Key: (200.00, -300.00, 0.00)
   Value: (300.00, -300.00, 0.00)
   Value: (100.00, -300.00, 0.00)
   Value: (200.00, -400.00, 0.00)
   Value: (100.00, -400.00, 0.00)
   Value: (300.00, -400.00, 0.00)
   Value: (300.00, -200.00, 0.00)

Key: (200.00, -100.00, 0.00)
   Value: (300.00, -100.00, 0.00)
   Value: (100.00, -100.00, 0.00)
   Value: (200.00, 0.00, 0.00)
   Value: (100.00, 0.00, 0.00)
   Value: (300.00, -200.00, 0.00)
   Value: (300.00, 0.00, 0.00)

Key: (200.00, 0.00, 0.00)
   Value: (300.00, 0.00, 0.00)
   Value: (100.00, 0.00, 0.00)
   Value: (200.00, 100.00, 0.00)
   Value: (200.00, -100.00, 0.00)
   Value: (100.00, -100.00, 0.00)
   Value: (100.00, 100.00, 0.00)
   Value: (300.00, -100.00, 0.00)
   Value: (300.00, 100.00, 0.00)

Key: (200.00, 100.00, 0.00)
   Value: (300.00, 100.00, 0.00)
   Value: (100.00, 100.00, 0.00)
   Value: (200.00, 200.00, 0.00)
   Value: (200.00, 0.00, 0.00)
   Value: (100.00, 0.00, 0.00)
   Value: (100.00, 200.00, 0.00)
   Value: (300.00, 0.00, 0.00)
   Value: (300.00, 200.00, 0.00)

Key: (200.00, 200.00, 0.00)
   Value: (300.00, 200.00, 0.00)
   Value: (100.00, 200.00, 0.00)
   Value: (200.00, 300.00, 0.00)
   Value: (200.00, 100.00, 0.00)
   Value: (100.00, 100.00, 0.00)
   Value: (100.00, 300.00, 0.00)
   Value: (300.00, 100.00, 0.00)
   Value: (300.00, 300.00, 0.00)

Key: (200.00, 300.00, 0.00)
   Value: (300.00, 300.00, 0.00)
   Value: (100.00, 300.00, 0.00)
   Value: (200.00, 400.00, 0.00)
   Value: (200.00, 200.00, 0.00)
   Value: (100.00, 200.00, 0.00)
   Value: (100.00, 400.00, 0.00)
   Value: (300.00, 200.00, 0.00)
   Value: (300.00, 400.00, 0.00)

Key: (200.00, 400.00, 0.00)
   Value: (300.00, 400.00, 0.00)
   Value: (100.00, 400.00, 0.00)
   Value: (200.00, 500.00, 0.00)
   Value: (200.00, 300.00, 0.00)
   Value: (100.00, 300.00, 0.00)
   Value: (100.00, 500.00, 0.00)
   Value: (300.00, 300.00, 0.00)
   Value: (300.00, 500.00, 0.00)

Key: (200.00, 500.00, 0.00)
   Value: (300.00, 500.00, 0.00)
   Value: (100.00, 500.00, 0.00)
   Value: (200.00, 600.00, 0.00)
   Value: (200.00, 400.00, 0.00)
   Value: (100.00, 400.00, 0.00)
   Value: (100.00, 600.00, 0.00)
   Value: (300.00, 400.00, 0.00)
   Value: (300.00, 600.00, 0.00)

Key: (200.00, 600.00, 0.00)
   Value: (300.00, 600.00, 0.00)
   Value: (100.00, 600.00, 0.00)
   Value: (200.00, 700.00, 0.00)
   Value: (200.00, 500.00, 0.00)
   Value: (100.00, 500.00, 0.00)
   Value: (100.00, 700.00, 0.00)
   Value: (300.00, 500.00, 0.00)
   Value: (300.00, 700.00, 0.00)

Key: (200.00, 700.00, 0.00)
   Value: (300.00, 700.00, 0.00)
   Value: (100.00, 700.00, 0.00)
   Value: (200.00, 800.00, 0.00)
   Value: (200.00, 600.00, 0.00)
   Value: (100.00, 600.00, 0.00)
   Value: (100.00, 800.00, 0.00)
   Value: (300.00, 600.00, 0.00)
   Value: (300.00, 800.00, 0.00)

Key: (200.00, 800.00, 0.00)
   Value: (300.00, 800.00, 0.00)
   Value: (100.00, 800.00, 0.00)
   Value: (200.00, 900.00, 0.00)
   Value: (200.00, 700.00, 0.00)
   Value: (100.00, 700.00, 0.00)
   Value: (100.00, 900.00, 0.00)
   Value: (300.00, 700.00, 0.00)
   Value: (300.00, 900.00, 0.00)

Key: (200.00, 900.00, 0.00)
   Value: (300.00, 900.00, 0.00)
   Value: (100.00, 900.00, 0.00)
   Value: (200.00, 1000.00, 0.00)
   Value: (200.00, 800.00, 0.00)
   Value: (100.00, 800.00, 0.00)
   Value: (100.00, 1000.00, 0.00)
   Value: (300.00, 800.00, 0.00)
   Value: (300.00, 1000.00, 0.00)

Key: (200.00, 1000.00, 0.00)
   Value: (300.00, 1000.00, 0.00)
   Value: (100.00, 1000.00, 0.00)
   Value: (200.00, 900.00, 0.00)
   Value: (100.00, 900.00, 0.00)
   Value: (300.00, 900.00, 0.00)

Key: (300.00, -1000.00, 0.00)
   Value: (400.00, -1000.00, 0.00)
   Value: (200.00, -1000.00, 0.00)
   Value: (300.00, -900.00, 0.00)
   Value: (200.00, -900.00, 0.00)
   Value: (400.00, -900.00, 0.00)

Key: (300.00, -900.00, 0.00)
   Value: (400.00, -900.00, 0.00)
   Value: (200.00, -900.00, 0.00)
   Value: (300.00, -800.00, 0.00)
   Value: (300.00, -1000.00, 0.00)
   Value: (200.00, -1000.00, 0.00)
   Value: (200.00, -800.00, 0.00)
   Value: (400.00, -1000.00, 0.00)
   Value: (400.00, -800.00, 0.00)

Key: (300.00, -800.00, 0.00)
   Value: (400.00, -800.00, 0.00)
   Value: (200.00, -800.00, 0.00)
   Value: (300.00, -700.00, 0.00)
   Value: (300.00, -900.00, 0.00)
   Value: (200.00, -900.00, 0.00)
   Value: (200.00, -700.00, 0.00)
   Value: (400.00, -900.00, 0.00)
   Value: (400.00, -700.00, 0.00)

Key: (300.00, -700.00, 0.00)
   Value: (400.00, -700.00, 0.00)
   Value: (200.00, -700.00, 0.00)
   Value: (300.00, -600.00, 0.00)
   Value: (300.00, -800.00, 0.00)
   Value: (200.00, -800.00, 0.00)
   Value: (200.00, -600.00, 0.00)
   Value: (400.00, -800.00, 0.00)
   Value: (400.00, -600.00, 0.00)

Key: (300.00, -600.00, 0.00)
   Value: (400.00, -600.00, 0.00)
   Value: (200.00, -600.00, 0.00)
   Value: (300.00, -500.00, 0.00)
   Value: (300.00, -700.00, 0.00)
   Value: (200.00, -700.00, 0.00)
   Value: (200.00, -500.00, 0.00)
   Value: (400.00, -700.00, 0.00)
   Value: (400.00, -500.00, 0.00)

Key: (300.00, -500.00, 0.00)
   Value: (400.00, -500.00, 0.00)
   Value: (200.00, -500.00, 0.00)
   Value: (300.00, -400.00, 0.00)
   Value: (300.00, -600.00, 0.00)
   Value: (200.00, -600.00, 0.00)
   Value: (200.00, -400.00, 0.00)
   Value: (400.00, -600.00, 0.00)

Key: (300.00, -400.00, 0.00)
   Value: (200.00, -400.00, 0.00)
   Value: (300.00, -300.00, 0.00)
   Value: (300.00, -500.00, 0.00)
   Value: (200.00, -500.00, 0.00)
   Value: (200.00, -300.00, 0.00)
   Value: (400.00, -500.00, 0.00)

Key: (300.00, -300.00, 0.00)
   Value: (400.00, -300.00, 0.00)
   Value: (200.00, -300.00, 0.00)
   Value: (300.00, -200.00, 0.00)
   Value: (300.00, -400.00, 0.00)
   Value: (200.00, -400.00, 0.00)
   Value: (400.00, -200.00, 0.00)

Key: (300.00, -200.00, 0.00)
   Value: (400.00, -200.00, 0.00)
   Value: (300.00, -100.00, 0.00)
   Value: (300.00, -300.00, 0.00)
   Value: (200.00, -300.00, 0.00)
   Value: (200.00, -100.00, 0.00)
   Value: (400.00, -300.00, 0.00)
   Value: (400.00, -100.00, 0.00)

Key: (300.00, -100.00, 0.00)
   Value: (400.00, -100.00, 0.00)
   Value: (200.00, -100.00, 0.00)
   Value: (300.00, 0.00, 0.00)
   Value: (300.00, -200.00, 0.00)
   Value: (200.00, 0.00, 0.00)
   Value: (400.00, -200.00, 0.00)

Key: (300.00, 0.00, 0.00)
   Value: (200.00, 0.00, 0.00)
   Value: (300.00, 100.00, 0.00)
   Value: (300.00, -100.00, 0.00)
   Value: (200.00, -100.00, 0.00)
   Value: (200.00, 100.00, 0.00)
   Value: (400.00, -100.00, 0.00)

Key: (300.00, 100.00, 0.00)
   Value: (400.00, 100.00, 0.00)
   Value: (200.00, 100.00, 0.00)
   Value: (300.00, 200.00, 0.00)
   Value: (300.00, 0.00, 0.00)
   Value: (200.00, 0.00, 0.00)
   Value: (200.00, 200.00, 0.00)
   Value: (400.00, 200.00, 0.00)

Key: (300.00, 200.00, 0.00)
   Value: (400.00, 200.00, 0.00)
   Value: (200.00, 200.00, 0.00)
   Value: (300.00, 300.00, 0.00)
   Value: (300.00, 100.00, 0.00)
   Value: (200.00, 100.00, 0.00)
   Value: (200.00, 300.00, 0.00)
   Value: (400.00, 100.00, 0.00)
   Value: (400.00, 300.00, 0.00)

Key: (300.00, 300.00, 0.00)
   Value: (400.00, 300.00, 0.00)
   Value: (200.00, 300.00, 0.00)
   Value: (300.00, 400.00, 0.00)
   Value: (300.00, 200.00, 0.00)
   Value: (200.00, 200.00, 0.00)
   Value: (200.00, 400.00, 0.00)
   Value: (400.00, 200.00, 0.00)
   Value: (400.00, 400.00, 0.00)

Key: (300.00, 400.00, 0.00)
   Value: (400.00, 400.00, 0.00)
   Value: (200.00, 400.00, 0.00)
   Value: (300.00, 500.00, 0.00)
   Value: (300.00, 300.00, 0.00)
   Value: (200.00, 300.00, 0.00)
   Value: (200.00, 500.00, 0.00)
   Value: (400.00, 300.00, 0.00)
   Value: (400.00, 500.00, 0.00)

Key: (300.00, 500.00, 0.00)
   Value: (400.00, 500.00, 0.00)
   Value: (200.00, 500.00, 0.00)
   Value: (300.00, 600.00, 0.00)
   Value: (300.00, 400.00, 0.00)
   Value: (200.00, 400.00, 0.00)
   Value: (200.00, 600.00, 0.00)
   Value: (400.00, 400.00, 0.00)
   Value: (400.00, 600.00, 0.00)

Key: (300.00, 600.00, 0.00)
   Value: (400.00, 600.00, 0.00)
   Value: (200.00, 600.00, 0.00)
   Value: (300.00, 700.00, 0.00)
   Value: (300.00, 500.00, 0.00)
   Value: (200.00, 500.00, 0.00)
   Value: (200.00, 700.00, 0.00)
   Value: (400.00, 500.00, 0.00)
   Value: (400.00, 700.00, 0.00)

Key: (300.00, 700.00, 0.00)
   Value: (400.00, 700.00, 0.00)
   Value: (200.00, 700.00, 0.00)
   Value: (300.00, 800.00, 0.00)
   Value: (300.00, 600.00, 0.00)
   Value: (200.00, 600.00, 0.00)
   Value: (200.00, 800.00, 0.00)
   Value: (400.00, 600.00, 0.00)
   Value: (400.00, 800.00, 0.00)

Key: (300.00, 800.00, 0.00)
   Value: (400.00, 800.00, 0.00)
   Value: (200.00, 800.00, 0.00)
   Value: (300.00, 900.00, 0.00)
   Value: (300.00, 700.00, 0.00)
   Value: (200.00, 700.00, 0.00)
   Value: (200.00, 900.00, 0.00)
   Value: (400.00, 700.00, 0.00)
   Value: (400.00, 900.00, 0.00)

Key: (300.00, 900.00, 0.00)
   Value: (400.00, 900.00, 0.00)
   Value: (200.00, 900.00, 0.00)
   Value: (300.00, 1000.00, 0.00)
   Value: (300.00, 800.00, 0.00)
   Value: (200.00, 800.00, 0.00)
   Value: (200.00, 1000.00, 0.00)
   Value: (400.00, 800.00, 0.00)
   Value: (400.00, 1000.00, 0.00)

Key: (300.00, 1000.00, 0.00)
   Value: (400.00, 1000.00, 0.00)
   Value: (200.00, 1000.00, 0.00)
   Value: (300.00, 900.00, 0.00)
   Value: (200.00, 900.00, 0.00)
   Value: (400.00, 900.00, 0.00)

Key: (400.00, -1000.00, 0.00)
   Value: (500.00, -1000.00, 0.00)
   Value: (300.00, -1000.00, 0.00)
   Value: (400.00, -900.00, 0.00)
   Value: (300.00, -900.00, 0.00)
   Value: (500.00, -900.00, 0.00)

Key: (400.00, -900.00, 0.00)
   Value: (500.00, -900.00, 0.00)
   Value: (300.00, -900.00, 0.00)
   Value: (400.00, -800.00, 0.00)
   Value: (400.00, -1000.00, 0.00)
   Value: (300.00, -1000.00, 0.00)
   Value: (300.00, -800.00, 0.00)
   Value: (500.00, -1000.00, 0.00)
   Value: (500.00, -800.00, 0.00)

Key: (400.00, -800.00, 0.00)
   Value: (500.00, -800.00, 0.00)
   Value: (300.00, -800.00, 0.00)
   Value: (400.00, -700.00, 0.00)
   Value: (400.00, -900.00, 0.00)
   Value: (300.00, -900.00, 0.00)
   Value: (300.00, -700.00, 0.00)
   Value: (500.00, -900.00, 0.00)
   Value: (500.00, -700.00, 0.00)

Key: (400.00, -700.00, 0.00)
   Value: (500.00, -700.00, 0.00)
   Value: (300.00, -700.00, 0.00)
   Value: (400.00, -600.00, 0.00)
   Value: (400.00, -800.00, 0.00)
   Value: (300.00, -800.00, 0.00)
   Value: (300.00, -600.00, 0.00)
   Value: (500.00, -800.00, 0.00)
   Value: (500.00, -600.00, 0.00)

Key: (400.00, -600.00, 0.00)
   Value: (500.00, -600.00, 0.00)
   Value: (300.00, -600.00, 0.00)
   Value: (400.00, -500.00, 0.00)
   Value: (400.00, -700.00, 0.00)
   Value: (300.00, -700.00, 0.00)
   Value: (300.00, -500.00, 0.00)
   Value: (500.00, -700.00, 0.00)
   Value: (500.00, -500.00, 0.00)

Key: (400.00, -500.00, 0.00)
   Value: (500.00, -500.00, 0.00)
   Value: (300.00, -500.00, 0.00)
   Value: (400.00, -600.00, 0.00)
   Value: (300.00, -600.00, 0.00)
   Value: (300.00, -400.00, 0.00)
   Value: (500.00, -600.00, 0.00)
   Value: (500.00, -400.00, 0.00)

Key: (400.00, -300.00, 0.00)
   Value: (500.00, -300.00, 0.00)
   Value: (300.00, -300.00, 0.00)
   Value: (400.00, -200.00, 0.00)
   Value: (300.00, -200.00, 0.00)
   Value: (500.00, -200.00, 0.00)

Key: (400.00, -200.00, 0.00)
   Value: (500.00, -200.00, 0.00)
   Value: (300.00, -200.00, 0.00)
   Value: (400.00, -100.00, 0.00)
   Value: (400.00, -300.00, 0.00)
   Value: (300.00, -300.00, 0.00)
   Value: (300.00, -100.00, 0.00)
   Value: (500.00, -300.00, 0.00)
   Value: (500.00, -100.00, 0.00)

Key: (400.00, -100.00, 0.00)
   Value: (500.00, -100.00, 0.00)
   Value: (300.00, -100.00, 0.00)
   Value: (400.00, -200.00, 0.00)
   Value: (300.00, -200.00, 0.00)
   Value: (300.00, 0.00, 0.00)
   Value: (500.00, -200.00, 0.00)
   Value: (500.00, 0.00, 0.00)

Key: (400.00, 100.00, 0.00)
   Value: (500.00, 100.00, 0.00)
   Value: (300.00, 100.00, 0.00)
   Value: (400.00, 200.00, 0.00)
   Value: (300.00, 200.00, 0.00)
   Value: (500.00, 200.00, 0.00)

Key: (400.00, 200.00, 0.00)
   Value: (500.00, 200.00, 0.00)
   Value: (300.00, 200.00, 0.00)
   Value: (400.00, 300.00, 0.00)
   Value: (400.00, 100.00, 0.00)
   Value: (300.00, 100.00, 0.00)
   Value: (300.00, 300.00, 0.00)
   Value: (500.00, 100.00, 0.00)
   Value: (500.00, 300.00, 0.00)

Key: (400.00, 300.00, 0.00)
   Value: (500.00, 300.00, 0.00)
   Value: (300.00, 300.00, 0.00)
   Value: (400.00, 400.00, 0.00)
   Value: (400.00, 200.00, 0.00)
   Value: (300.00, 200.00, 0.00)
   Value: (300.00, 400.00, 0.00)
   Value: (500.00, 200.00, 0.00)
   Value: (500.00, 400.00, 0.00)

Key: (400.00, 400.00, 0.00)
   Value: (500.00, 400.00, 0.00)
   Value: (300.00, 400.00, 0.00)
   Value: (400.00, 500.00, 0.00)
   Value: (400.00, 300.00, 0.00)
   Value: (300.00, 300.00, 0.00)
   Value: (300.00, 500.00, 0.00)
   Value: (500.00, 300.00, 0.00)
   Value: (500.00, 500.00, 0.00)

Key: (400.00, 500.00, 0.00)
   Value: (500.00, 500.00, 0.00)
   Value: (300.00, 500.00, 0.00)
   Value: (400.00, 600.00, 0.00)
   Value: (400.00, 400.00, 0.00)
   Value: (300.00, 400.00, 0.00)
   Value: (300.00, 600.00, 0.00)
   Value: (500.00, 400.00, 0.00)
   Value: (500.00, 600.00, 0.00)

Key: (400.00, 600.00, 0.00)
   Value: (500.00, 600.00, 0.00)
   Value: (300.00, 600.00, 0.00)
   Value: (400.00, 700.00, 0.00)
   Value: (400.00, 500.00, 0.00)
   Value: (300.00, 500.00, 0.00)
   Value: (300.00, 700.00, 0.00)
   Value: (500.00, 500.00, 0.00)
   Value: (500.00, 700.00, 0.00)

Key: (400.00, 700.00, 0.00)
   Value: (500.00, 700.00, 0.00)
   Value: (300.00, 700.00, 0.00)
   Value: (400.00, 800.00, 0.00)
   Value: (400.00, 600.00, 0.00)
   Value: (300.00, 600.00, 0.00)
   Value: (300.00, 800.00, 0.00)
   Value: (500.00, 600.00, 0.00)
   Value: (500.00, 800.00, 0.00)

Key: (400.00, 800.00, 0.00)
   Value: (500.00, 800.00, 0.00)
   Value: (300.00, 800.00, 0.00)
   Value: (400.00, 900.00, 0.00)
   Value: (400.00, 700.00, 0.00)
   Value: (300.00, 700.00, 0.00)
   Value: (300.00, 900.00, 0.00)
   Value: (500.00, 700.00, 0.00)
   Value: (500.00, 900.00, 0.00)

Key: (400.00, 900.00, 0.00)
   Value: (500.00, 900.00, 0.00)
   Value: (300.00, 900.00, 0.00)
   Value: (400.00, 1000.00, 0.00)
   Value: (400.00, 800.00, 0.00)
   Value: (300.00, 800.00, 0.00)
   Value: (300.00, 1000.00, 0.00)
   Value: (500.00, 800.00, 0.00)
   Value: (500.00, 1000.00, 0.00)

Key: (400.00, 1000.00, 0.00)
   Value: (500.00, 1000.00, 0.00)
   Value: (300.00, 1000.00, 0.00)
   Value: (400.00, 900.00, 0.00)
   Value: (300.00, 900.00, 0.00)
   Value: (500.00, 900.00, 0.00)

Key: (500.00, -1000.00, 0.00)
   Value: (600.00, -1000.00, 0.00)
   Value: (400.00, -1000.00, 0.00)
   Value: (500.00, -900.00, 0.00)
   Value: (400.00, -900.00, 0.00)
   Value: (600.00, -900.00, 0.00)

Key: (500.00, -900.00, 0.00)
   Value: (600.00, -900.00, 0.00)
   Value: (400.00, -900.00, 0.00)
   Value: (500.00, -800.00, 0.00)
   Value: (500.00, -1000.00, 0.00)
   Value: (400.00, -1000.00, 0.00)
   Value: (400.00, -800.00, 0.00)
   Value: (600.00, -1000.00, 0.00)

Key: (500.00, -800.00, 0.00)
   Value: (400.00, -800.00, 0.00)
   Value: (500.00, -700.00, 0.00)
   Value: (500.00, -900.00, 0.00)
   Value: (400.00, -900.00, 0.00)
   Value: (400.00, -700.00, 0.00)
   Value: (600.00, -900.00, 0.00)
   Value: (600.00, -700.00, 0.00)

Key: (500.00, -700.00, 0.00)
   Value: (600.00, -700.00, 0.00)
   Value: (400.00, -700.00, 0.00)
   Value: (500.00, -600.00, 0.00)
   Value: (500.00, -800.00, 0.00)
   Value: (400.00, -800.00, 0.00)
   Value: (400.00, -600.00, 0.00)
   Value: (600.00, -600.00, 0.00)

Key: (500.00, -600.00, 0.00)
   Value: (600.00, -600.00, 0.00)
   Value: (400.00, -600.00, 0.00)
   Value: (500.00, -500.00, 0.00)
   Value: (500.00, -700.00, 0.00)
   Value: (400.00, -700.00, 0.00)
   Value: (400.00, -500.00, 0.00)
   Value: (600.00, -700.00, 0.00)
   Value: (600.00, -500.00, 0.00)

Key: (500.00, -500.00, 0.00)
   Value: (600.00, -500.00, 0.00)
   Value: (400.00, -500.00, 0.00)
   Value: (500.00, -400.00, 0.00)
   Value: (500.00, -600.00, 0.00)
   Value: (400.00, -600.00, 0.00)
   Value: (600.00, -600.00, 0.00)

Key: (500.00, -400.00, 0.00)
   Value: (500.00, -300.00, 0.00)
   Value: (500.00, -500.00, 0.00)
   Value: (400.00, -500.00, 0.00)
   Value: (600.00, -500.00, 0.00)
   Value: (600.00, -300.00, 0.00)

Key: (500.00, -300.00, 0.00)
   Value: (600.00, -300.00, 0.00)
   Value: (400.00, -300.00, 0.00)
   Value: (500.00, -200.00, 0.00)
   Value: (500.00, -400.00, 0.00)
   Value: (400.00, -200.00, 0.00)
   Value: (600.00, -200.00, 0.00)

Key: (500.00, -200.00, 0.00)
   Value: (600.00, -200.00, 0.00)
   Value: (400.00, -200.00, 0.00)
   Value: (500.00, -100.00, 0.00)
   Value: (500.00, -300.00, 0.00)
   Value: (400.00, -300.00, 0.00)
   Value: (400.00, -100.00, 0.00)
   Value: (600.00, -300.00, 0.00)
   Value: (600.00, -100.00, 0.00)

Key: (500.00, -100.00, 0.00)
   Value: (600.00, -100.00, 0.00)
   Value: (400.00, -100.00, 0.00)
   Value: (500.00, 0.00, 0.00)
   Value: (500.00, -200.00, 0.00)
   Value: (400.00, -200.00, 0.00)
   Value: (600.00, -200.00, 0.00)
   Value: (600.00, 0.00, 0.00)

Key: (500.00, 0.00, 0.00)
   Value: (600.00, 0.00, 0.00)
   Value: (500.00, 100.00, 0.00)
   Value: (500.00, -100.00, 0.00)
   Value: (400.00, -100.00, 0.00)
   Value: (600.00, -100.00, 0.00)
   Value: (600.00, 100.00, 0.00)

Key: (500.00, 100.00, 0.00)
   Value: (600.00, 100.00, 0.00)
   Value: (400.00, 100.00, 0.00)
   Value: (500.00, 200.00, 0.00)
   Value: (500.00, 0.00, 0.00)
   Value: (400.00, 200.00, 0.00)
   Value: (600.00, 0.00, 0.00)
   Value: (600.00, 200.00, 0.00)

Key: (500.00, 200.00, 0.00)
   Value: (600.00, 200.00, 0.00)
   Value: (400.00, 200.00, 0.00)
   Value: (500.00, 300.00, 0.00)
   Value: (500.00, 100.00, 0.00)
   Value: (400.00, 100.00, 0.00)
   Value: (400.00, 300.00, 0.00)
   Value: (600.00, 100.00, 0.00)
   Value: (600.00, 300.00, 0.00)

Key: (500.00, 300.00, 0.00)
   Value: (600.00, 300.00, 0.00)
   Value: (400.00, 300.00, 0.00)
   Value: (500.00, 400.00, 0.00)
   Value: (500.00, 200.00, 0.00)
   Value: (400.00, 200.00, 0.00)
   Value: (400.00, 400.00, 0.00)
   Value: (600.00, 200.00, 0.00)
   Value: (600.00, 400.00, 0.00)

Key: (500.00, 400.00, 0.00)
   Value: (600.00, 400.00, 0.00)
   Value: (400.00, 400.00, 0.00)
   Value: (500.00, 500.00, 0.00)
   Value: (500.00, 300.00, 0.00)
   Value: (400.00, 300.00, 0.00)
   Value: (400.00, 500.00, 0.00)
   Value: (600.00, 300.00, 0.00)
   Value: (600.00, 500.00, 0.00)

Key: (500.00, 500.00, 0.00)
   Value: (600.00, 500.00, 0.00)
   Value: (400.00, 500.00, 0.00)
   Value: (500.00, 600.00, 0.00)
   Value: (500.00, 400.00, 0.00)
   Value: (400.00, 400.00, 0.00)
   Value: (400.00, 600.00, 0.00)
   Value: (600.00, 400.00, 0.00)
   Value: (600.00, 600.00, 0.00)

Key: (500.00, 600.00, 0.00)
   Value: (600.00, 600.00, 0.00)
   Value: (400.00, 600.00, 0.00)
   Value: (500.00, 700.00, 0.00)
   Value: (500.00, 500.00, 0.00)
   Value: (400.00, 500.00, 0.00)
   Value: (400.00, 700.00, 0.00)
   Value: (600.00, 500.00, 0.00)
   Value: (600.00, 700.00, 0.00)

Key: (500.00, 700.00, 0.00)
   Value: (600.00, 700.00, 0.00)
   Value: (400.00, 700.00, 0.00)
   Value: (500.00, 800.00, 0.00)
   Value: (500.00, 600.00, 0.00)
   Value: (400.00, 600.00, 0.00)
   Value: (400.00, 800.00, 0.00)
   Value: (600.00, 600.00, 0.00)
   Value: (600.00, 800.00, 0.00)

Key: (500.00, 800.00, 0.00)
   Value: (600.00, 800.00, 0.00)
   Value: (400.00, 800.00, 0.00)
   Value: (500.00, 900.00, 0.00)
   Value: (500.00, 700.00, 0.00)
   Value: (400.00, 700.00, 0.00)
   Value: (400.00, 900.00, 0.00)
   Value: (600.00, 700.00, 0.00)
   Value: (600.00, 900.00, 0.00)

Key: (500.00, 900.00, 0.00)
   Value: (600.00, 900.00, 0.00)
   Value: (400.00, 900.00, 0.00)
   Value: (500.00, 1000.00, 0.00)
   Value: (500.00, 800.00, 0.00)
   Value: (400.00, 800.00, 0.00)
   Value: (400.00, 1000.00, 0.00)
   Value: (600.00, 800.00, 0.00)
   Value: (600.00, 1000.00, 0.00)

Key: (500.00, 1000.00, 0.00)
   Value: (600.00, 1000.00, 0.00)
   Value: (400.00, 1000.00, 0.00)
   Value: (500.00, 900.00, 0.00)
   Value: (400.00, 900.00, 0.00)
   Value: (600.00, 900.00, 0.00)

Key: (600.00, -1000.00, 0.00)
   Value: (700.00, -1000.00, 0.00)
   Value: (500.00, -1000.00, 0.00)
   Value: (600.00, -900.00, 0.00)
   Value: (500.00, -900.00, 0.00)
   Value: (700.00, -900.00, 0.00)

Key: (600.00, -900.00, 0.00)
   Value: (700.00, -900.00, 0.00)
   Value: (500.00, -900.00, 0.00)
   Value: (600.00, -1000.00, 0.00)
   Value: (500.00, -1000.00, 0.00)
   Value: (500.00, -800.00, 0.00)
   Value: (700.00, -1000.00, 0.00)

Key: (600.00, -700.00, 0.00)
   Value: (700.00, -700.00, 0.00)
   Value: (500.00, -700.00, 0.00)
   Value: (600.00, -600.00, 0.00)
   Value: (500.00, -800.00, 0.00)
   Value: (500.00, -600.00, 0.00)
   Value: (700.00, -600.00, 0.00)

Key: (600.00, -600.00, 0.00)
   Value: (700.00, -600.00, 0.00)
   Value: (500.00, -600.00, 0.00)
   Value: (600.00, -500.00, 0.00)
   Value: (600.00, -700.00, 0.00)
   Value: (500.00, -700.00, 0.00)
   Value: (500.00, -500.00, 0.00)
   Value: (700.00, -700.00, 0.00)
   Value: (700.00, -500.00, 0.00)

Key: (600.00, -500.00, 0.00)
   Value: (700.00, -500.00, 0.00)
   Value: (500.00, -500.00, 0.00)
   Value: (600.00, -600.00, 0.00)
   Value: (500.00, -600.00, 0.00)
   Value: (500.00, -400.00, 0.00)
   Value: (700.00, -600.00, 0.00)

Key: (600.00, -300.00, 0.00)
   Value: (700.00, -300.00, 0.00)
   Value: (500.00, -300.00, 0.00)
   Value: (600.00, -200.00, 0.00)
   Value: (500.00, -400.00, 0.00)
   Value: (500.00, -200.00, 0.00)
   Value: (700.00, -200.00, 0.00)

Key: (600.00, -200.00, 0.00)
   Value: (700.00, -200.00, 0.00)
   Value: (500.00, -200.00, 0.00)
   Value: (600.00, -100.00, 0.00)
   Value: (600.00, -300.00, 0.00)
   Value: (500.00, -300.00, 0.00)
   Value: (500.00, -100.00, 0.00)
   Value: (700.00, -300.00, 0.00)
   Value: (700.00, -100.00, 0.00)

Key: (600.00, -100.00, 0.00)
   Value: (700.00, -100.00, 0.00)
   Value: (500.00, -100.00, 0.00)
   Value: (600.00, 0.00, 0.00)
   Value: (600.00, -200.00, 0.00)
   Value: (500.00, -200.00, 0.00)
   Value: (500.00, 0.00, 0.00)
   Value: (700.00, -200.00, 0.00)
   Value: (700.00, 0.00, 0.00)

Key: (600.00, 0.00, 0.00)
   Value: (700.00, 0.00, 0.00)
   Value: (500.00, 0.00, 0.00)
   Value: (600.00, 100.00, 0.00)
   Value: (600.00, -100.00, 0.00)
   Value: (500.00, -100.00, 0.00)
   Value: (500.00, 100.00, 0.00)
   Value: (700.00, -100.00, 0.00)
   Value: (700.00, 100.00, 0.00)

Key: (600.00, 100.00, 0.00)
   Value: (700.00, 100.00, 0.00)
   Value: (500.00, 100.00, 0.00)
   Value: (600.00, 200.00, 0.00)
   Value: (600.00, 0.00, 0.00)
   Value: (500.00, 0.00, 0.00)
   Value: (500.00, 200.00, 0.00)
   Value: (700.00, 0.00, 0.00)
   Value: (700.00, 200.00, 0.00)

Key: (600.00, 200.00, 0.00)
   Value: (700.00, 200.00, 0.00)
   Value: (500.00, 200.00, 0.00)
   Value: (600.00, 300.00, 0.00)
   Value: (600.00, 100.00, 0.00)
   Value: (500.00, 100.00, 0.00)
   Value: (500.00, 300.00, 0.00)
   Value: (700.00, 100.00, 0.00)
   Value: (700.00, 300.00, 0.00)

Key: (600.00, 300.00, 0.00)
   Value: (700.00, 300.00, 0.00)
   Value: (500.00, 300.00, 0.00)
   Value: (600.00, 400.00, 0.00)
   Value: (600.00, 200.00, 0.00)
   Value: (500.00, 200.00, 0.00)
   Value: (500.00, 400.00, 0.00)
   Value: (700.00, 200.00, 0.00)
   Value: (700.00, 400.00, 0.00)

Key: (600.00, 400.00, 0.00)
   Value: (700.00, 400.00, 0.00)
   Value: (500.00, 400.00, 0.00)
   Value: (600.00, 500.00, 0.00)
   Value: (600.00, 300.00, 0.00)
   Value: (500.00, 300.00, 0.00)
   Value: (500.00, 500.00, 0.00)
   Value: (700.00, 300.00, 0.00)
   Value: (700.00, 500.00, 0.00)

Key: (600.00, 500.00, 0.00)
   Value: (700.00, 500.00, 0.00)
   Value: (500.00, 500.00, 0.00)
   Value: (600.00, 600.00, 0.00)
   Value: (600.00, 400.00, 0.00)
   Value: (500.00, 400.00, 0.00)
   Value: (500.00, 600.00, 0.00)
   Value: (700.00, 400.00, 0.00)
   Value: (700.00, 600.00, 0.00)

Key: (600.00, 600.00, 0.00)
   Value: (700.00, 600.00, 0.00)
   Value: (500.00, 600.00, 0.00)
   Value: (600.00, 700.00, 0.00)
   Value: (600.00, 500.00, 0.00)
   Value: (500.00, 500.00, 0.00)
   Value: (500.00, 700.00, 0.00)
   Value: (700.00, 500.00, 0.00)
   Value: (700.00, 700.00, 0.00)

Key: (600.00, 700.00, 0.00)
   Value: (700.00, 700.00, 0.00)
   Value: (500.00, 700.00, 0.00)
   Value: (600.00, 800.00, 0.00)
   Value: (600.00, 600.00, 0.00)
   Value: (500.00, 600.00, 0.00)
   Value: (500.00, 800.00, 0.00)
   Value: (700.00, 600.00, 0.00)
   Value: (700.00, 800.00, 0.00)

Key: (600.00, 800.00, 0.00)
   Value: (700.00, 800.00, 0.00)
   Value: (500.00, 800.00, 0.00)
   Value: (600.00, 900.00, 0.00)
   Value: (600.00, 700.00, 0.00)
   Value: (500.00, 700.00, 0.00)
   Value: (500.00, 900.00, 0.00)
   Value: (700.00, 700.00, 0.00)
   Value: (700.00, 900.00, 0.00)

Key: (600.00, 900.00, 0.00)
   Value: (700.00, 900.00, 0.00)
   Value: (500.00, 900.00, 0.00)
   Value: (600.00, 1000.00, 0.00)
   Value: (600.00, 800.00, 0.00)
   Value: (500.00, 800.00, 0.00)
   Value: (500.00, 1000.00, 0.00)
   Value: (700.00, 800.00, 0.00)
   Value: (700.00, 1000.00, 0.00)

Key: (600.00, 1000.00, 0.00)
   Value: (700.00, 1000.00, 0.00)
   Value: (500.00, 1000.00, 0.00)
   Value: (600.00, 900.00, 0.00)
   Value: (500.00, 900.00, 0.00)
   Value: (700.00, 900.00, 0.00)

Key: (700.00, -1000.00, 0.00)
   Value: (800.00, -1000.00, 0.00)
   Value: (600.00, -1000.00, 0.00)
   Value: (700.00, -900.00, 0.00)
   Value: (600.00, -900.00, 0.00)
   Value: (800.00, -900.00, 0.00)

Key: (700.00, -900.00, 0.00)
   Value: (800.00, -900.00, 0.00)
   Value: (600.00, -900.00, 0.00)
   Value: (700.00, -1000.00, 0.00)
   Value: (600.00, -1000.00, 0.00)
   Value: (800.00, -1000.00, 0.00)
   Value: (800.00, -800.00, 0.00)

Key: (700.00, -700.00, 0.00)
   Value: (800.00, -700.00, 0.00)
   Value: (600.00, -700.00, 0.00)
   Value: (700.00, -600.00, 0.00)
   Value: (600.00, -600.00, 0.00)
   Value: (800.00, -800.00, 0.00)
   Value: (800.00, -600.00, 0.00)

Key: (700.00, -600.00, 0.00)
   Value: (800.00, -600.00, 0.00)
   Value: (600.00, -600.00, 0.00)
   Value: (700.00, -500.00, 0.00)
   Value: (700.00, -700.00, 0.00)
   Value: (600.00, -700.00, 0.00)
   Value: (600.00, -500.00, 0.00)
   Value: (800.00, -700.00, 0.00)
   Value: (800.00, -500.00, 0.00)

Key: (700.00, -500.00, 0.00)
   Value: (800.00, -500.00, 0.00)
   Value: (600.00, -500.00, 0.00)
   Value: (700.00, -600.00, 0.00)
   Value: (600.00, -600.00, 0.00)
   Value: (800.00, -600.00, 0.00)
   Value: (800.00, -400.00, 0.00)

Key: (700.00, -300.00, 0.00)
   Value: (800.00, -300.00, 0.00)
   Value: (600.00, -300.00, 0.00)
   Value: (700.00, -200.00, 0.00)
   Value: (600.00, -200.00, 0.00)
   Value: (800.00, -400.00, 0.00)
   Value: (800.00, -200.00, 0.00)

Key: (700.00, -200.00, 0.00)
   Value: (800.00, -200.00, 0.00)
   Value: (600.00, -200.00, 0.00)
   Value: (700.00, -100.00, 0.00)
   Value: (700.00, -300.00, 0.00)
   Value: (600.00, -300.00, 0.00)
   Value: (600.00, -100.00, 0.00)
   Value: (800.00, -300.00, 0.00)
   Value: (800.00, -100.00, 0.00)

Key: (700.00, -100.00, 0.00)
   Value: (800.00, -100.00, 0.00)
   Value: (600.00, -100.00, 0.00)
   Value: (700.00, 0.00, 0.00)
   Value: (700.00, -200.00, 0.00)
   Value: (600.00, -200.00, 0.00)
   Value: (600.00, 0.00, 0.00)
   Value: (800.00, -200.00, 0.00)
   Value: (800.00, 0.00, 0.00)

Key: (700.00, 0.00, 0.00)
   Value: (800.00, 0.00, 0.00)
   Value: (600.00, 0.00, 0.00)
   Value: (700.00, 100.00, 0.00)
   Value: (700.00, -100.00, 0.00)
   Value: (600.00, -100.00, 0.00)
   Value: (600.00, 100.00, 0.00)
   Value: (800.00, -100.00, 0.00)
   Value: (800.00, 100.00, 0.00)

Key: (700.00, 100.00, 0.00)
   Value: (800.00, 100.00, 0.00)
   Value: (600.00, 100.00, 0.00)
   Value: (700.00, 200.00, 0.00)
   Value: (700.00, 0.00, 0.00)
   Value: (600.00, 0.00, 0.00)
   Value: (600.00, 200.00, 0.00)
   Value: (800.00, 0.00, 0.00)
   Value: (800.00, 200.00, 0.00)

Key: (700.00, 200.00, 0.00)
   Value: (800.00, 200.00, 0.00)
   Value: (600.00, 200.00, 0.00)
   Value: (700.00, 300.00, 0.00)
   Value: (700.00, 100.00, 0.00)
   Value: (600.00, 100.00, 0.00)
   Value: (600.00, 300.00, 0.00)
   Value: (800.00, 100.00, 0.00)
   Value: (800.00, 300.00, 0.00)

Key: (700.00, 300.00, 0.00)
   Value: (800.00, 300.00, 0.00)
   Value: (600.00, 300.00, 0.00)
   Value: (700.00, 400.00, 0.00)
   Value: (700.00, 200.00, 0.00)
   Value: (600.00, 200.00, 0.00)
   Value: (600.00, 400.00, 0.00)
   Value: (800.00, 200.00, 0.00)
   Value: (800.00, 400.00, 0.00)

Key: (700.00, 400.00, 0.00)
   Value: (800.00, 400.00, 0.00)
   Value: (600.00, 400.00, 0.00)
   Value: (700.00, 500.00, 0.00)
   Value: (700.00, 300.00, 0.00)
   Value: (600.00, 300.00, 0.00)
   Value: (600.00, 500.00, 0.00)
   Value: (800.00, 300.00, 0.00)
   Value: (800.00, 500.00, 0.00)

Key: (700.00, 500.00, 0.00)
   Value: (800.00, 500.00, 0.00)
   Value: (600.00, 500.00, 0.00)
   Value: (700.00, 600.00, 0.00)
   Value: (700.00, 400.00, 0.00)
   Value: (600.00, 400.00, 0.00)
   Value: (600.00, 600.00, 0.00)
   Value: (800.00, 400.00, 0.00)
   Value: (800.00, 600.00, 0.00)

Key: (700.00, 600.00, 0.00)
   Value: (800.00, 600.00, 0.00)
   Value: (600.00, 600.00, 0.00)
   Value: (700.00, 700.00, 0.00)
   Value: (700.00, 500.00, 0.00)
   Value: (600.00, 500.00, 0.00)
   Value: (600.00, 700.00, 0.00)
   Value: (800.00, 500.00, 0.00)
   Value: (800.00, 700.00, 0.00)

Key: (700.00, 700.00, 0.00)
   Value: (800.00, 700.00, 0.00)
   Value: (600.00, 700.00, 0.00)
   Value: (700.00, 800.00, 0.00)
   Value: (700.00, 600.00, 0.00)
   Value: (600.00, 600.00, 0.00)
   Value: (600.00, 800.00, 0.00)
   Value: (800.00, 600.00, 0.00)
   Value: (800.00, 800.00, 0.00)

Key: (700.00, 800.00, 0.00)
   Value: (800.00, 800.00, 0.00)
   Value: (600.00, 800.00, 0.00)
   Value: (700.00, 900.00, 0.00)
   Value: (700.00, 700.00, 0.00)
   Value: (600.00, 700.00, 0.00)
   Value: (600.00, 900.00, 0.00)
   Value: (800.00, 700.00, 0.00)
   Value: (800.00, 900.00, 0.00)

Key: (700.00, 900.00, 0.00)
   Value: (800.00, 900.00, 0.00)
   Value: (600.00, 900.00, 0.00)
   Value: (700.00, 1000.00, 0.00)
   Value: (700.00, 800.00, 0.00)
   Value: (600.00, 800.00, 0.00)
   Value: (600.00, 1000.00, 0.00)
   Value: (800.00, 800.00, 0.00)
   Value: (800.00, 1000.00, 0.00)

Key: (700.00, 1000.00, 0.00)
   Value: (800.00, 1000.00, 0.00)
   Value: (600.00, 1000.00, 0.00)
   Value: (700.00, 900.00, 0.00)
   Value: (600.00, 900.00, 0.00)
   Value: (800.00, 900.00, 0.00)

Key: (800.00, -1000.00, 0.00)
   Value: (900.00, -1000.00, 0.00)
   Value: (700.00, -1000.00, 0.00)
   Value: (800.00, -900.00, 0.00)
   Value: (700.00, -900.00, 0.00)
   Value: (900.00, -900.00, 0.00)

Key: (800.00, -900.00, 0.00)
   Value: (900.00, -900.00, 0.00)
   Value: (700.00, -900.00, 0.00)
   Value: (800.00, -800.00, 0.00)
   Value: (800.00, -1000.00, 0.00)
   Value: (700.00, -1000.00, 0.00)
   Value: (900.00, -1000.00, 0.00)
   Value: (900.00, -800.00, 0.00)

Key: (800.00, -800.00, 0.00)
   Value: (900.00, -800.00, 0.00)
   Value: (800.00, -700.00, 0.00)
   Value: (800.00, -900.00, 0.00)
   Value: (700.00, -900.00, 0.00)
   Value: (700.00, -700.00, 0.00)
   Value: (900.00, -900.00, 0.00)
   Value: (900.00, -700.00, 0.00)

Key: (800.00, -700.00, 0.00)
   Value: (900.00, -700.00, 0.00)
   Value: (700.00, -700.00, 0.00)
   Value: (800.00, -600.00, 0.00)
   Value: (800.00, -800.00, 0.00)
   Value: (700.00, -600.00, 0.00)
   Value: (900.00, -800.00, 0.00)
   Value: (900.00, -600.00, 0.00)

Key: (800.00, -600.00, 0.00)
   Value: (900.00, -600.00, 0.00)
   Value: (700.00, -600.00, 0.00)
   Value: (800.00, -500.00, 0.00)
   Value: (800.00, -700.00, 0.00)
   Value: (700.00, -700.00, 0.00)
   Value: (700.00, -500.00, 0.00)
   Value: (900.00, -700.00, 0.00)
   Value: (900.00, -500.00, 0.00)

Key: (800.00, -500.00, 0.00)
   Value: (900.00, -500.00, 0.00)
   Value: (700.00, -500.00, 0.00)
   Value: (800.00, -400.00, 0.00)
   Value: (800.00, -600.00, 0.00)
   Value: (700.00, -600.00, 0.00)
   Value: (900.00, -600.00, 0.00)
   Value: (900.00, -400.00, 0.00)

Key: (800.00, -400.00, 0.00)
   Value: (900.00, -400.00, 0.00)
   Value: (800.00, -300.00, 0.00)
   Value: (800.00, -500.00, 0.00)
   Value: (700.00, -500.00, 0.00)
   Value: (700.00, -300.00, 0.00)
   Value: (900.00, -500.00, 0.00)
   Value: (900.00, -300.00, 0.00)

Key: (800.00, -300.00, 0.00)
   Value: (900.00, -300.00, 0.00)
   Value: (700.00, -300.00, 0.00)
   Value: (800.00, -200.00, 0.00)
   Value: (800.00, -400.00, 0.00)
   Value: (700.00, -200.00, 0.00)
   Value: (900.00, -400.00, 0.00)
   Value: (900.00, -200.00, 0.00)

Key: (800.00, -200.00, 0.00)
   Value: (900.00, -200.00, 0.00)
   Value: (700.00, -200.00, 0.00)
   Value: (800.00, -100.00, 0.00)
   Value: (800.00, -300.00, 0.00)
   Value: (700.00, -300.00, 0.00)
   Value: (700.00, -100.00, 0.00)
   Value: (900.00, -300.00, 0.00)
   Value: (900.00, -100.00, 0.00)

Key: (800.00, -100.00, 0.00)
   Value: (900.00, -100.00, 0.00)
   Value: (700.00, -100.00, 0.00)
   Value: (800.00, 0.00, 0.00)
   Value: (800.00, -200.00, 0.00)
   Value: (700.00, -200.00, 0.00)
   Value: (700.00, 0.00, 0.00)
   Value: (900.00, -200.00, 0.00)
   Value: (900.00, 0.00, 0.00)

Key: (800.00, 0.00, 0.00)
   Value: (900.00, 0.00, 0.00)
   Value: (700.00, 0.00, 0.00)
   Value: (800.00, 100.00, 0.00)
   Value: (800.00, -100.00, 0.00)
   Value: (700.00, -100.00, 0.00)
   Value: (700.00, 100.00, 0.00)
   Value: (900.00, -100.00, 0.00)
   Value: (900.00, 100.00, 0.00)

Key: (800.00, 100.00, 0.00)
   Value: (900.00, 100.00, 0.00)
   Value: (700.00, 100.00, 0.00)
   Value: (800.00, 200.00, 0.00)
   Value: (800.00, 0.00, 0.00)
   Value: (700.00, 0.00, 0.00)
   Value: (700.00, 200.00, 0.00)
   Value: (900.00, 0.00, 0.00)
   Value: (900.00, 200.00, 0.00)

Key: (800.00, 200.00, 0.00)
   Value: (900.00, 200.00, 0.00)
   Value: (700.00, 200.00, 0.00)
   Value: (800.00, 300.00, 0.00)
   Value: (800.00, 100.00, 0.00)
   Value: (700.00, 100.00, 0.00)
   Value: (700.00, 300.00, 0.00)
   Value: (900.00, 100.00, 0.00)
   Value: (900.00, 300.00, 0.00)

Key: (800.00, 300.00, 0.00)
   Value: (900.00, 300.00, 0.00)
   Value: (700.00, 300.00, 0.00)
   Value: (800.00, 400.00, 0.00)
   Value: (800.00, 200.00, 0.00)
   Value: (700.00, 200.00, 0.00)
   Value: (700.00, 400.00, 0.00)
   Value: (900.00, 200.00, 0.00)
   Value: (900.00, 400.00, 0.00)

Key: (800.00, 400.00, 0.00)
   Value: (900.00, 400.00, 0.00)
   Value: (700.00, 400.00, 0.00)
   Value: (800.00, 500.00, 0.00)
   Value: (800.00, 300.00, 0.00)
   Value: (700.00, 300.00, 0.00)
   Value: (700.00, 500.00, 0.00)
   Value: (900.00, 300.00, 0.00)
   Value: (900.00, 500.00, 0.00)

Key: (800.00, 500.00, 0.00)
   Value: (900.00, 500.00, 0.00)
   Value: (700.00, 500.00, 0.00)
   Value: (800.00, 600.00, 0.00)
   Value: (800.00, 400.00, 0.00)
   Value: (700.00, 400.00, 0.00)
   Value: (700.00, 600.00, 0.00)
   Value: (900.00, 400.00, 0.00)
   Value: (900.00, 600.00, 0.00)

Key: (800.00, 600.00, 0.00)
   Value: (900.00, 600.00, 0.00)
   Value: (700.00, 600.00, 0.00)
   Value: (800.00, 700.00, 0.00)
   Value: (800.00, 500.00, 0.00)
   Value: (700.00, 500.00, 0.00)
   Value: (700.00, 700.00, 0.00)
   Value: (900.00, 500.00, 0.00)
   Value: (900.00, 700.00, 0.00)

Key: (800.00, 700.00, 0.00)
   Value: (900.00, 700.00, 0.00)
   Value: (700.00, 700.00, 0.00)
   Value: (800.00, 800.00, 0.00)
   Value: (800.00, 600.00, 0.00)
   Value: (700.00, 600.00, 0.00)
   Value: (700.00, 800.00, 0.00)
   Value: (900.00, 600.00, 0.00)
   Value: (900.00, 800.00, 0.00)

Key: (800.00, 800.00, 0.00)
   Value: (900.00, 800.00, 0.00)
   Value: (700.00, 800.00, 0.00)
   Value: (800.00, 900.00, 0.00)
   Value: (800.00, 700.00, 0.00)
   Value: (700.00, 700.00, 0.00)
   Value: (700.00, 900.00, 0.00)
   Value: (900.00, 700.00, 0.00)
   Value: (900.00, 900.00, 0.00)

Key: (800.00, 900.00, 0.00)
   Value: (900.00, 900.00, 0.00)
   Value: (700.00, 900.00, 0.00)
   Value: (800.00, 1000.00, 0.00)
   Value: (800.00, 800.00, 0.00)
   Value: (700.00, 800.00, 0.00)
   Value: (700.00, 1000.00, 0.00)
   Value: (900.00, 800.00, 0.00)
   Value: (900.00, 1000.00, 0.00)

Key: (800.00, 1000.00, 0.00)
   Value: (900.00, 1000.00, 0.00)
   Value: (700.00, 1000.00, 0.00)
   Value: (800.00, 900.00, 0.00)
   Value: (700.00, 900.00, 0.00)
   Value: (900.00, 900.00, 0.00)

Key: (900.00, -1000.00, 0.00)
   Value: (1000.00, -1000.00, 0.00)
   Value: (800.00, -1000.00, 0.00)
   Value: (900.00, -900.00, 0.00)
   Value: (800.00, -900.00, 0.00)
   Value: (1000.00, -900.00, 0.00)

Key: (900.00, -900.00, 0.00)
   Value: (1000.00, -900.00, 0.00)
   Value: (800.00, -900.00, 0.00)
   Value: (900.00, -800.00, 0.00)
   Value: (900.00, -1000.00, 0.00)
   Value: (800.00, -1000.00, 0.00)
   Value: (800.00, -800.00, 0.00)
   Value: (1000.00, -1000.00, 0.00)
   Value: (1000.00, -800.00, 0.00)

Key: (900.00, -800.00, 0.00)
   Value: (1000.00, -800.00, 0.00)
   Value: (800.00, -800.00, 0.00)
   Value: (900.00, -700.00, 0.00)
   Value: (900.00, -900.00, 0.00)
   Value: (800.00, -900.00, 0.00)
   Value: (800.00, -700.00, 0.00)
   Value: (1000.00, -900.00, 0.00)
   Value: (1000.00, -700.00, 0.00)

Key: (900.00, -700.00, 0.00)
   Value: (1000.00, -700.00, 0.00)
   Value: (800.00, -700.00, 0.00)
   Value: (900.00, -600.00, 0.00)
   Value: (900.00, -800.00, 0.00)
   Value: (800.00, -800.00, 0.00)
   Value: (800.00, -600.00, 0.00)
   Value: (1000.00, -800.00, 0.00)
   Value: (1000.00, -600.00, 0.00)

Key: (900.00, -600.00, 0.00)
   Value: (1000.00, -600.00, 0.00)
   Value: (800.00, -600.00, 0.00)
   Value: (900.00, -500.00, 0.00)
   Value: (900.00, -700.00, 0.00)
   Value: (800.00, -700.00, 0.00)
   Value: (800.00, -500.00, 0.00)
   Value: (1000.00, -700.00, 0.00)
   Value: (1000.00, -500.00, 0.00)

Key: (900.00, -500.00, 0.00)
   Value: (1000.00, -500.00, 0.00)
   Value: (800.00, -500.00, 0.00)
   Value: (900.00, -400.00, 0.00)
   Value: (900.00, -600.00, 0.00)
   Value: (800.00, -600.00, 0.00)
   Value: (800.00, -400.00, 0.00)
   Value: (1000.00, -600.00, 0.00)
   Value: (1000.00, -400.00, 0.00)

Key: (900.00, -400.00, 0.00)
   Value: (1000.00, -400.00, 0.00)
   Value: (800.00, -400.00, 0.00)
   Value: (900.00, -300.00, 0.00)
   Value: (900.00, -500.00, 0.00)
   Value: (800.00, -500.00, 0.00)
   Value: (800.00, -300.00, 0.00)
   Value: (1000.00, -500.00, 0.00)
   Value: (1000.00, -300.00, 0.00)

Key: (900.00, -300.00, 0.00)
   Value: (1000.00, -300.00, 0.00)
   Value: (800.00, -300.00, 0.00)
   Value: (900.00, -200.00, 0.00)
   Value: (900.00, -400.00, 0.00)
   Value: (800.00, -400.00, 0.00)
   Value: (800.00, -200.00, 0.00)
   Value: (1000.00, -400.00, 0.00)
   Value: (1000.00, -200.00, 0.00)

Key: (900.00, -200.00, 0.00)
   Value: (1000.00, -200.00, 0.00)
   Value: (800.00, -200.00, 0.00)
   Value: (900.00, -100.00, 0.00)
   Value: (900.00, -300.00, 0.00)
   Value: (800.00, -300.00, 0.00)
   Value: (800.00, -100.00, 0.00)
   Value: (1000.00, -300.00, 0.00)
   Value: (1000.00, -100.00, 0.00)

Key: (900.00, -100.00, 0.00)
   Value: (1000.00, -100.00, 0.00)
   Value: (800.00, -100.00, 0.00)
   Value: (900.00, 0.00, 0.00)
   Value: (900.00, -200.00, 0.00)
   Value: (800.00, -200.00, 0.00)
   Value: (800.00, 0.00, 0.00)
   Value: (1000.00, -200.00, 0.00)
   Value: (1000.00, 0.00, 0.00)

Key: (900.00, 0.00, 0.00)
   Value: (1000.00, 0.00, 0.00)
   Value: (800.00, 0.00, 0.00)
   Value: (900.00, 100.00, 0.00)
   Value: (900.00, -100.00, 0.00)
   Value: (800.00, -100.00, 0.00)
   Value: (800.00, 100.00, 0.00)
   Value: (1000.00, -100.00, 0.00)
   Value: (1000.00, 100.00, 0.00)

Key: (900.00, 100.00, 0.00)
   Value: (1000.00, 100.00, 0.00)
   Value: (800.00, 100.00, 0.00)
   Value: (900.00, 200.00, 0.00)
   Value: (900.00, 0.00, 0.00)
   Value: (800.00, 0.00, 0.00)
   Value: (800.00, 200.00, 0.00)
   Value: (1000.00, 0.00, 0.00)
   Value: (1000.00, 200.00, 0.00)

Key: (900.00, 200.00, 0.00)
   Value: (1000.00, 200.00, 0.00)
   Value: (800.00, 200.00, 0.00)
   Value: (900.00, 300.00, 0.00)
   Value: (900.00, 100.00, 0.00)
   Value: (800.00, 100.00, 0.00)
   Value: (800.00, 300.00, 0.00)
   Value: (1000.00, 100.00, 0.00)
   Value: (1000.00, 300.00, 0.00)

Key: (900.00, 300.00, 0.00)
   Value: (1000.00, 300.00, 0.00)
   Value: (800.00, 300.00, 0.00)
   Value: (900.00, 400.00, 0.00)
   Value: (900.00, 200.00, 0.00)
   Value: (800.00, 200.00, 0.00)
   Value: (800.00, 400.00, 0.00)
   Value: (1000.00, 200.00, 0.00)
   Value: (1000.00, 400.00, 0.00)

Key: (900.00, 400.00, 0.00)
   Value: (1000.00, 400.00, 0.00)
   Value: (800.00, 400.00, 0.00)
   Value: (900.00, 500.00, 0.00)
   Value: (900.00, 300.00, 0.00)
   Value: (800.00, 300.00, 0.00)
   Value: (800.00, 500.00, 0.00)
   Value: (1000.00, 300.00, 0.00)
   Value: (1000.00, 500.00, 0.00)

Key: (900.00, 500.00, 0.00)
   Value: (1000.00, 500.00, 0.00)
   Value: (800.00, 500.00, 0.00)
   Value: (900.00, 600.00, 0.00)
   Value: (900.00, 400.00, 0.00)
   Value: (800.00, 400.00, 0.00)
   Value: (800.00, 600.00, 0.00)
   Value: (1000.00, 400.00, 0.00)
   Value: (1000.00, 600.00, 0.00)

Key: (900.00, 600.00, 0.00)
   Value: (1000.00, 600.00, 0.00)
   Value: (800.00, 600.00, 0.00)
   Value: (900.00, 700.00, 0.00)
   Value: (900.00, 500.00, 0.00)
   Value: (800.00, 500.00, 0.00)
   Value: (800.00, 700.00, 0.00)
   Value: (1000.00, 500.00, 0.00)
   Value: (1000.00, 700.00, 0.00)

Key: (900.00, 700.00, 0.00)
   Value: (1000.00, 700.00, 0.00)
   Value: (800.00, 700.00, 0.00)
   Value: (900.00, 800.00, 0.00)
   Value: (900.00, 600.00, 0.00)
   Value: (800.00, 600.00, 0.00)
   Value: (800.00, 800.00, 0.00)
   Value: (1000.00, 600.00, 0.00)
   Value: (1000.00, 800.00, 0.00)

Key: (900.00, 800.00, 0.00)
   Value: (1000.00, 800.00, 0.00)
   Value: (800.00, 800.00, 0.00)
   Value: (900.00, 900.00, 0.00)
   Value: (900.00, 700.00, 0.00)
   Value: (800.00, 700.00, 0.00)
   Value: (800.00, 900.00, 0.00)
   Value: (1000.00, 700.00, 0.00)
   Value: (1000.00, 900.00, 0.00)

Key: (900.00, 900.00, 0.00)
   Value: (1000.00, 900.00, 0.00)
   Value: (800.00, 900.00, 0.00)
   Value: (900.00, 1000.00, 0.00)
   Value: (900.00, 800.00, 0.00)
   Value: (800.00, 800.00, 0.00)
   Value: (800.00, 1000.00, 0.00)
   Value: (1000.00, 800.00, 0.00)
   Value: (1000.00, 1000.00, 0.00)

Key: (900.00, 1000.00, 0.00)
   Value: (1000.00, 1000.00, 0.00)
   Value: (800.00, 1000.00, 0.00)
   Value: (900.00, 900.00, 0.00)
   Value: (800.00, 900.00, 0.00)
   Value: (1000.00, 900.00, 0.00)

Key: (1000.00, -1000.00, 0.00)
   Value: (900.00, -1000.00, 0.00)
   Value: (1000.00, -900.00, 0.00)
   Value: (900.00, -900.00, 0.00)

Key: (1000.00, -900.00, 0.00)
   Value: (900.00, -900.00, 0.00)
   Value: (1000.00, -800.00, 0.00)
   Value: (1000.00, -1000.00, 0.00)
   Value: (900.00, -1000.00, 0.00)
   Value: (900.00, -800.00, 0.00)

Key: (1000.00, -800.00, 0.00)
   Value: (900.00, -800.00, 0.00)
   Value: (1000.00, -700.00, 0.00)
   Value: (1000.00, -900.00, 0.00)
   Value: (900.00, -900.00, 0.00)
   Value: (900.00, -700.00, 0.00)

Key: (1000.00, -700.00, 0.00)
   Value: (900.00, -700.00, 0.00)
   Value: (1000.00, -600.00, 0.00)
   Value: (1000.00, -800.00, 0.00)
   Value: (900.00, -800.00, 0.00)
   Value: (900.00, -600.00, 0.00)

Key: (1000.00, -600.00, 0.00)
   Value: (900.00, -600.00, 0.00)
   Value: (1000.00, -500.00, 0.00)
   Value: (1000.00, -700.00, 0.00)
   Value: (900.00, -700.00, 0.00)
   Value: (900.00, -500.00, 0.00)

Key: (1000.00, -500.00, 0.00)
   Value: (900.00, -500.00, 0.00)
   Value: (1000.00, -400.00, 0.00)
   Value: (1000.00, -600.00, 0.00)
   Value: (900.00, -600.00, 0.00)
   Value: (900.00, -400.00, 0.00)

Key: (1000.00, -400.00, 0.00)
   Value: (900.00, -400.00, 0.00)
   Value: (1000.00, -300.00, 0.00)
   Value: (1000.00, -500.00, 0.00)
   Value: (900.00, -500.00, 0.00)
   Value: (900.00, -300.00, 0.00)

Key: (1000.00, -300.00, 0.00)
   Value: (900.00, -300.00, 0.00)
   Value: (1000.00, -200.00, 0.00)
   Value: (1000.00, -400.00, 0.00)
   Value: (900.00, -400.00, 0.00)
   Value: (900.00, -200.00, 0.00)

Key: (1000.00, -200.00, 0.00)
   Value: (900.00, -200.00, 0.00)
   Value: (1000.00, -100.00, 0.00)
   Value: (1000.00, -300.00, 0.00)
   Value: (900.00, -300.00, 0.00)
   Value: (900.00, -100.00, 0.00)

Key: (1000.00, -100.00, 0.00)
   Value: (900.00, -100.00, 0.00)
   Value: (1000.00, 0.00, 0.00)
   Value: (1000.00, -200.00, 0.00)
   Value: (900.00, -200.00, 0.00)
   Value: (900.00, 0.00, 0.00)

Key: (1000.00, 0.00, 0.00)
   Value: (900.00, 0.00, 0.00)
   Value: (1000.00, 100.00, 0.00)
   Value: (1000.00, -100.00, 0.00)
   Value: (900.00, -100.00, 0.00)
   Value: (900.00, 100.00, 0.00)

Key: (1000.00, 100.00, 0.00)
   Value: (900.00, 100.00, 0.00)
   Value: (1000.00, 200.00, 0.00)
   Value: (1000.00, 0.00, 0.00)
   Value: (900.00, 0.00, 0.00)
   Value: (900.00, 200.00, 0.00)

Key: (1000.00, 200.00, 0.00)
   Value: (900.00, 200.00, 0.00)
   Value: (1000.00, 300.00, 0.00)
   Value: (1000.00, 100.00, 0.00)
   Value: (900.00, 100.00, 0.00)
   Value: (900.00, 300.00, 0.00)

Key: (1000.00, 300.00, 0.00)
   Value: (900.00, 300.00, 0.00)
   Value: (1000.00, 400.00, 0.00)
   Value: (1000.00, 200.00, 0.00)
   Value: (900.00, 200.00, 0.00)
   Value: (900.00, 400.00, 0.00)

Key: (1000.00, 400.00, 0.00)
   Value: (900.00, 400.00, 0.00)
   Value: (1000.00, 500.00, 0.00)
   Value: (1000.00, 300.00, 0.00)
   Value: (900.00, 300.00, 0.00)
   Value: (900.00, 500.00, 0.00)

Key: (1000.00, 500.00, 0.00)
   Value: (900.00, 500.00, 0.00)
   Value: (1000.00, 600.00, 0.00)
   Value: (1000.00, 400.00, 0.00)
   Value: (900.00, 400.00, 0.00)
   Value: (900.00, 600.00, 0.00)

Key: (1000.00, 600.00, 0.00)
   Value: (900.00, 600.00, 0.00)
   Value: (1000.00, 700.00, 0.00)
   Value: (1000.00, 500.00, 0.00)
   Value: (900.00, 500.00, 0.00)
   Value: (900.00, 700.00, 0.00)

Key: (1000.00, 700.00, 0.00)
   Value: (900.00, 700.00, 0.00)
   Value: (1000.00, 800.00, 0.00)
   Value: (1000.00, 600.00, 0.00)
   Value: (900.00, 600.00, 0.00)
   Value: (900.00, 800.00, 0.00)

Key: (1000.00, 800.00, 0.00)
   Value: (900.00, 800.00, 0.00)
   Value: (1000.00, 900.00, 0.00)
   Value: (1000.00, 700.00, 0.00)
   Value: (900.00, 700.00, 0.00)
   Value: (900.00, 900.00, 0.00)

Key: (1000.00, 900.00, 0.00)
   Value: (900.00, 900.00, 0.00)
   Value: (1000.00, 1000.00, 0.00)
   Value: (1000.00, 800.00, 0.00)
   Value: (900.00, 800.00, 0.00)
   Value: (900.00, 1000.00, 0.00)

Key: (1000.00, 1000.00, 0.00)
   Value: (900.00, 1000.00, 0.00)
   Value: (1000.00, 900.00, 0.00)
   Value: (900.00, 900.00, 0.00)

